rmsd	tmscore
2.09	0.75088
1.82	0.76003
1.98	0.74794
1.94	0.75653
1.87	0.755
2.17	0.74991
2.45	0.71298
2.02	0.75097
2.04	0.73288
1.66	0.74019
1.89	0.75768
2.31	0.71699
1.74	0.76825
1.77	0.76289
2.16	0.74273
2.18	0.75372
1.95	0.75736
1.77	0.77123
2.01	0.74295
1.86	0.75568
2.05	0.73665
1.84	0.76514
2.4	0.7148
1.98	0.74648
2.39	0.73921
1.95	0.74518
2.2	0.74395
2.15	0.72022
1.99	0.74103
2.28	0.71493
1.97	0.73317
2.03	0.73523
2.15	0.72304
2.24	0.7349
1.89	0.75722
2.06	0.748
2.0	0.75771
1.95	0.74844
2.47	0.72735
1.99	0.74359
1.92	0.75529
1.86	0.75982
1.84	0.75969
1.99	0.74718
2.01	0.75183
2.54	0.70977
2.28	0.75051
1.89	0.75091
2.01	0.73511
2.05	0.73544
2.15	0.74068
2.05	0.74513
1.92	0.72758
1.9	0.74698
2.11	0.73178
2.21	0.75618
2.16	0.72977
2.14	0.7432
1.75	0.76523
2.04	0.73146
1.82	0.75918
2.0	0.74795
2.02	0.73301
2.09	0.73222
1.99	0.73355
2.09	0.7192
2.3	0.72529
2.65	0.68267
2.09	0.71748
2.32	0.71003
2.2	0.72561
2.22	0.72221
2.13	0.72383
2.08	0.73049
1.94	0.73638
2.0	0.73756
2.12	0.71205
2.06	0.73718
2.15	0.73852
2.12	0.72931
2.09	0.72337
2.05	0.7276
2.02	0.72585
2.3	0.72499
2.05	0.72832
2.45	0.69589
2.13	0.73032
2.08	0.74012
2.1	0.71661
2.19	0.73024
2.04	0.7124
2.27	0.71469
1.99	0.72852
2.11	0.7167
2.45	0.68874
2.23	0.72282
2.34	0.709
2.18	0.71605
1.95	0.73611
2.26	0.71669
2.17	0.73646
1.88	0.74176
2.2	0.72974
1.82	0.75067
2.23	0.72622
2.23	0.72326
2.34	0.7041
2.05	0.73053
2.07	0.74354
2.01	0.73221
1.84	0.74833
2.16	0.73645
2.22	0.72541
2.05	0.73021
1.97	0.73501
1.84	0.74999
2.25	0.74194
2.47	0.69232
2.18	0.74004
1.95	0.73297
2.2	0.7101
1.89	0.74192
1.91	0.7521
1.89	0.75701
1.92	0.73856
1.89	0.7534
1.9	0.74249
2.17	0.73611
2.42	0.69884
1.8	0.75119
2.17	0.71591
1.98	0.74791
2.03	0.74679
2.1	0.71568
1.91	0.7525
1.87	0.75815
1.85	0.752
1.84	0.73722
1.86	0.7488
2.08	0.74434
1.99	0.74575
1.87	0.74414
2.06	0.7275
1.76	0.76132
2.28	0.71515
2.01	0.72582
2.13	0.72604
2.02	0.74264
1.93	0.75546
2.01	0.72616
2.08	0.739
2.29	0.70282
2.23	0.70859
1.91	0.72682
2.05	0.70813
2.18	0.72858
2.06	0.74478
2.21	0.73084
1.9	0.74055
2.21	0.73071
2.14	0.72224
2.2	0.72799
1.7	0.75363
2.05	0.74013
1.82	0.75314
2.03	0.75055
2.06	0.74215
2.32	0.6994
1.91	0.74326
1.97	0.74189
2.02	0.72976
2.01	0.73885
2.12	0.73776
1.98	0.74829
2.29	0.72012
2.03	0.73536
1.94	0.73648
2.09	0.74881
2.19	0.71067
2.08	0.74319
2.0	0.74318
2.14	0.71532
1.99	0.74534
1.91	0.75578
1.89	0.75921
1.99	0.75385
1.85	0.75935
1.94	0.75329
2.13	0.75511
2.38	0.71485
1.93	0.75265
1.94	0.73912
2.01	0.75302
1.85	0.75192
2.13	0.7318
1.73	0.76685
1.85	0.75882
2.0	0.75189
1.99	0.74121
1.84	0.76331
1.74	0.7698
2.01	0.74456
1.95	0.7506
1.95	0.74897
1.88	0.75567
2.33	0.72298
1.97	0.74191
2.34	0.74
1.85	0.74577
1.96	0.76123
1.99	0.73758
1.86	0.75149
1.98	0.72542
1.96	0.73336
1.95	0.74197
2.08	0.72495
2.03	0.72994
1.81	0.75934
2.03	0.73085
1.91	0.7498
1.91	0.74956
2.07	0.74396
1.86	0.75372
1.89	0.74846
1.83	0.75793
1.85	0.75701
1.87	0.7509
1.88	0.74695
2.23	0.71928
1.96	0.75409
1.81	0.75477
2.03	0.73849
1.95	0.74532
1.92	0.75207
2.15	0.75267
2.01	0.73969
1.89	0.75271
1.96	0.74402
2.16	0.76264
2.11	0.73367
2.0	0.74798
1.73	0.76544
2.06	0.73681
1.76	0.76392
2.07	0.7237
2.32	0.70592
2.18	0.73002
2.17	0.72283
2.32	0.70219
2.42	0.71623
2.65	0.68089
2.4	0.69463
2.2	0.71086
2.37	0.70749
2.19	0.71302
2.14	0.73483
2.16	0.71344
2.22	0.71363
2.24	0.72359
2.33	0.6981
2.09	0.73435
2.11	0.72787
2.12	0.72229
2.29	0.70823
2.22	0.71595
2.33	0.69709
2.42	0.71373
2.12	0.72693
2.68	0.69008
2.1	0.71831
2.08	0.72095
2.32	0.7032
2.17	0.71889
2.18	0.71087
2.09	0.71851
2.13	0.7219
2.13	0.72196
2.44	0.67732
2.12	0.72142
2.29	0.7103
2.19	0.69988
2.09	0.72754
2.55	0.71936
2.0	0.73872
2.09	0.72525
2.02	0.73479
2.1	0.72356
2.27	0.71155
2.19	0.72235
2.4	0.70311
2.22	0.72396
1.97	0.73622
2.16	0.72513
2.17	0.73441
2.12	0.73927
2.4	0.70857
1.87	0.73158
2.08	0.73158
2.01	0.74059
2.43	0.72682
2.38	0.69818
2.22	0.73786
2.09	0.72284
2.26	0.71256
2.03	0.73151
1.75	0.76568
1.84	0.75445
1.93	0.7461
1.9	0.74716
1.85	0.75554
2.12	0.75112
2.49	0.72019
2.04	0.72916
2.12	0.742
1.99	0.75691
2.14	0.73635
1.91	0.74619
2.0	0.75601
1.88	0.74809
1.97	0.74509
1.94	0.73991
1.85	0.75583
1.8	0.75926
1.9	0.74988
2.0	0.73754
1.79	0.76318
1.84	0.75092
2.04	0.75331
1.84	0.75407
2.3	0.72683
2.14	0.7328
2.0	0.75799
1.82	0.75563
2.01	0.75777
2.0	0.74529
1.82	0.75206
1.8	0.75865
1.9	0.74289
2.36	0.70195
2.09	0.74526
2.13	0.71341
1.85	0.74827
1.74	0.76388
2.03	0.75303
2.09	0.75227
1.87	0.7447
1.84	0.75353
1.74	0.76138
2.21	0.73248
2.16	0.73555
2.12	0.73977
1.9	0.75726
1.97	0.76083
1.84	0.75554
1.72	0.76903
2.15	0.74671
2.35	0.74065
1.98	0.74424
1.76	0.76654
1.76	0.76599
2.11	0.75585
2.04	0.72964
2.16	0.75322
1.82	0.76635
1.99	0.74281
1.7	0.77048
2.19	0.73731
2.28	0.72544
2.08	0.74013
2.19	0.73111
2.38	0.72493
2.29	0.73198
2.56	0.69868
2.49	0.70963
2.07	0.72612
2.45	0.72925
2.14	0.71793
2.04	0.74883
2.07	0.72941
2.25	0.72385
2.43	0.72837
2.43	0.71373
2.24	0.74402
1.93	0.7435
2.36	0.73213
2.21	0.71935
2.05	0.73578
2.2	0.71602
2.26	0.73147
2.23	0.73941
2.5	0.71414
2.11	0.71876
2.4	0.73985
2.23	0.72531
2.02	0.73506
2.16	0.7211
1.99	0.73296
2.09	0.73812
2.24	0.7244
2.48	0.6897
2.04	0.73125
2.23	0.715
2.24	0.72184
2.01	0.74012
2.43	0.73672
1.9	0.74852
2.1	0.72389
1.94	0.74409
2.04	0.73187
2.17	0.72146
2.17	0.72328
2.48	0.72061
2.32	0.74042
1.93	0.74245
2.13	0.73238
2.04	0.74805
2.04	0.74773
2.44	0.7225
2.0	0.74253
2.09	0.74584
1.97	0.74408
2.32	0.7359
2.21	0.71909
2.16	0.74454
2.14	0.73996
2.32	0.73643
1.99	0.74833
1.94	0.72361
1.92	0.73076
2.0	0.71807
1.87	0.7343
2.01	0.7232
2.17	0.7244
2.51	0.68042
2.06	0.71684
2.21	0.70278
2.02	0.7271
2.06	0.73098
2.16	0.69194
2.15	0.74264
1.91	0.72963
2.03	0.72588
2.2	0.72058
1.89	0.73569
2.03	0.73712
2.05	0.71732
2.24	0.72646
2.08	0.70987
1.94	0.72707
2.48	0.69397
2.3	0.7116
1.86	0.71192
2.01	0.71989
2.07	0.72039
2.1	0.70047
2.19	0.71488
2.5	0.68988
2.4	0.69951
2.24	0.70846
2.35	0.69819
2.25	0.70999
2.01	0.73969
2.24	0.71054
1.93	0.72604
2.03	0.71535
2.06	0.71021
2.2	0.71364
2.11	0.72658
1.86	0.73513
2.12	0.72555
2.09	0.73067
2.25	0.73036
2.33	0.68519
2.0	0.72486
2.25	0.72407
2.13	0.70559
2.06	0.70743
1.95	0.72187
1.81	0.7264
2.12	0.70003
1.95	0.72256
2.0	0.71508
1.7	0.73032
2.44	0.70407
2.26	0.71752
1.97	0.73927
2.13	0.7066
2.03	0.73515
2.27	0.71523
2.44	0.68926
2.3	0.69714
2.46	0.69373
2.56	0.68289
2.73	0.68534
2.0	0.70705
2.66	0.66172
2.54	0.68027
2.63	0.69211
2.49	0.67747
2.23	0.7081
2.48	0.67991
2.45	0.69161
2.44	0.70871
2.55	0.67146
2.4	0.70399
2.43	0.6999
2.45	0.69781
2.54	0.68387
2.46	0.70642
2.54	0.67768
2.64	0.70302
2.37	0.70314
2.95	0.65009
2.33	0.6922
2.36	0.70143
2.55	0.69499
2.48	0.69515
2.4	0.6984
2.39	0.691
2.35	0.70685
2.42	0.70824
2.78	0.63533
2.45	0.68763
2.6	0.6659
2.45	0.67375
2.31	0.71351
2.66	0.69668
2.36	0.70312
2.4	0.70288
2.35	0.69969
2.34	0.70364
2.56	0.67661
2.51	0.68381
2.64	0.69144
2.47	0.7004
2.3	0.70381
2.35	0.71276
2.13	0.72355
2.46	0.70185
2.45	0.68105
2.21	0.70124
2.35	0.71187
2.17	0.73214
2.67	0.70407
2.61	0.65899
2.44	0.7142
2.39	0.69811
2.57	0.68017
2.37	0.71359
1.83	0.747
1.96	0.75341
2.12	0.73383
1.99	0.74789
2.1	0.7382
2.25	0.73194
2.78	0.68703
2.04	0.7454
2.19	0.70899
2.09	0.7347
1.95	0.7439
2.13	0.70768
1.91	0.75014
1.93	0.75414
2.09	0.74707
2.12	0.73198
2.05	0.74537
1.96	0.74846
2.14	0.73564
2.09	0.74264
2.18	0.72339
1.94	0.75234
2.4	0.7067
2.16	0.72919
2.35	0.72194
1.92	0.74005
2.03	0.74624
2.21	0.71152
2.06	0.72681
2.3	0.69596
2.21	0.70503
2.17	0.71939
2.26	0.7055
2.17	0.72076
2.01	0.74076
2.11	0.73023
2.06	0.73698
2.09	0.73048
2.28	0.70952
2.1	0.73058
1.92	0.7502
2.04	0.73919
1.91	0.75377
1.85	0.74511
2.03	0.73572
2.39	0.68965
2.05	0.73787
2.0	0.73654
2.19	0.7245
1.88	0.73594
2.09	0.73465
2.18	0.7401
2.2	0.72059
2.09	0.73118
2.07	0.73317
2.24	0.74423
2.3	0.70233
2.08	0.73725
1.98	0.74093
2.3	0.7127
1.94	0.74436
2.02	0.73366
1.89	0.75065
2.28	0.72704
1.95	0.74403
1.99	0.7353
2.24	0.73296
2.71	0.68788
1.96	0.74471
2.36	0.70407
2.16	0.73575
2.12	0.74245
2.31	0.69506
2.03	0.75427
1.84	0.7529
2.18	0.73524
2.23	0.72651
2.01	0.73821
2.09	0.75322
2.11	0.72719
2.0	0.74018
2.1	0.72016
1.81	0.75616
2.46	0.69768
2.14	0.71522
2.34	0.7229
2.15	0.73388
2.13	0.73893
2.17	0.70732
2.24	0.72487
2.57	0.68799
2.37	0.70336
2.2	0.70728
2.35	0.68932
2.17	0.73103
2.14	0.74171
2.3	0.72039
2.06	0.73694
2.08	0.72108
2.34	0.70912
2.32	0.72237
1.93	0.74016
2.21	0.73295
1.89	0.74533
2.16	0.74183
2.26	0.72759
2.51	0.68229
2.17	0.73084
2.21	0.72771
2.2	0.70955
2.12	0.71682
2.36	0.72252
2.41	0.73585
2.28	0.70586
2.13	0.72139
2.2	0.71406
2.23	0.74192
2.39	0.70768
2.42	0.71915
2.1	0.74281
2.24	0.70682
2.17	0.7387
2.05	0.74999
2.0	0.75044
2.07	0.73592
2.05	0.73864
2.29	0.74134
2.17	0.7467
2.47	0.70771
2.26	0.73593
2.25	0.72805
2.28	0.75558
2.08	0.72493
2.1	0.73216
1.93	0.74525
2.08	0.73331
2.32	0.74276
2.33	0.72615
2.01	0.74591
1.92	0.7541
2.37	0.73472
2.35	0.72585
2.03	0.74341
2.05	0.73913
2.28	0.73497
2.36	0.72742
2.34	0.72448
2.11	0.71667
2.29	0.75536
2.08	0.73884
1.95	0.74983
2.29	0.71618
2.06	0.72975
2.24	0.73729
2.22	0.71661
2.4	0.70284
2.02	0.73372
2.3	0.7107
2.12	0.73099
2.06	0.73896
2.32	0.73948
1.98	0.74813
2.14	0.72272
2.02	0.73746
2.05	0.73891
2.14	0.73032
2.24	0.72918
2.45	0.71952
2.26	0.7501
2.17	0.73558
2.16	0.73005
2.02	0.74832
2.11	0.74156
2.21	0.74041
2.1	0.73927
2.04	0.74394
2.04	0.74012
2.22	0.74556
2.17	0.73251
2.16	0.74361
2.09	0.75191
2.31	0.73765
1.94	0.74817
2.08	0.7523
2.08	0.75206
2.04	0.75261
2.03	0.75754
2.1	0.73698
2.12	0.74537
2.41	0.70285
2.05	0.74259
2.04	0.72846
2.15	0.74023
1.96	0.74703
2.19	0.72973
1.87	0.75223
2.05	0.75243
2.04	0.7526
2.13	0.73154
1.78	0.76068
1.89	0.75537
1.78	0.74863
1.99	0.74555
2.1	0.73522
2.09	0.74517
2.28	0.7186
2.1	0.73545
2.29	0.72206
1.87	0.75149
1.67	0.75107
2.11	0.72419
1.96	0.74344
2.14	0.71441
2.06	0.72301
2.02	0.73687
2.21	0.72695
2.13	0.72283
1.92	0.75197
2.1	0.73776
2.15	0.73493
2.02	0.74178
2.18	0.73538
1.97	0.74435
1.89	0.75449
2.0	0.75568
1.91	0.75225
2.03	0.74737
1.98	0.7527
2.33	0.71073
2.07	0.74604
1.86	0.75368
1.86	0.7397
2.08	0.74488
2.04	0.74852
2.16	0.75016
2.09	0.73228
2.07	0.7496
1.93	0.75137
1.9	0.75571
2.22	0.72019
2.08	0.75088
1.99	0.75061
2.1	0.7286
1.85	0.75454
1.78	0.7614
1.87	0.75283
1.86	0.75226
1.78	0.76121
1.99	0.73709
2.07	0.74326
2.47	0.69659
2.01	0.7317
2.21	0.72918
1.98	0.74339
2.05	0.7503
1.94	0.73821
1.96	0.74845
1.81	0.75736
1.84	0.76118
2.15	0.73158
1.79	0.76202
1.83	0.75564
1.87	0.75124
1.92	0.74619
1.92	0.74436
1.89	0.74531
2.34	0.72715
1.92	0.74258
2.36	0.71162
2.01	0.74936
1.93	0.75105
2.01	0.73151
2.1	0.74443
2.12	0.7267
2.11	0.72855
1.91	0.74406
1.9	0.74191
2.27	0.71443
2.02	0.75525
2.01	0.72841
1.94	0.73581
1.86	0.74906
2.03	0.73797
1.87	0.74857
1.72	0.76281
1.79	0.75782
1.74	0.76241
1.91	0.7443
2.01	0.74543
2.18	0.71636
1.94	0.74739
1.99	0.75672
1.84	0.75508
1.85	0.75311
2.12	0.74577
2.27	0.74444
1.96	0.74241
1.8	0.75852
1.78	0.76204
2.02	0.75848
2.11	0.71493
2.03	0.75733
1.93	0.75194
2.07	0.72627
1.76	0.76169
2.06	0.738
2.29	0.733
2.15	0.74435
2.03	0.74892
2.13	0.73033
2.39	0.72862
2.56	0.6964
2.12	0.72824
2.16	0.71942
2.26	0.72192
2.0	0.74611
2.31	0.71841
1.95	0.74606
1.94	0.74892
2.15	0.73641
2.17	0.732
2.02	0.75028
1.97	0.75063
2.09	0.73537
2.0	0.74421
2.22	0.7212
2.14	0.73436
2.41	0.69909
2.1	0.73864
2.57	0.71507
1.97	0.74514
2.07	0.73004
2.31	0.70722
2.15	0.7227
2.23	0.70987
2.12	0.71994
2.14	0.72776
2.31	0.72316
2.21	0.71369
1.96	0.75006
2.17	0.73459
2.04	0.73157
2.1	0.73553
2.33	0.71903
2.06	0.73694
1.98	0.75206
1.96	0.75201
2.02	0.74662
2.05	0.74208
2.06	0.74485
2.45	0.6998
2.12	0.73762
1.92	0.75058
2.2	0.73168
2.28	0.72813
2.13	0.74247
2.38	0.73275
2.02	0.72231
2.0	0.73922
2.12	0.73205
2.37	0.74298
2.29	0.70793
2.16	0.74059
1.95	0.74572
2.22	0.71584
1.99	0.7446
1.89	0.75728
1.95	0.74841
2.0	0.74318
2.02	0.73826
2.05	0.75945
2.1	0.75621
2.25	0.72933
2.2	0.73315
2.04	0.74662
2.09	0.75588
2.04	0.73085
1.97	0.74396
1.92	0.75997
1.99	0.74044
2.28	0.73383
2.08	0.74546
1.94	0.75116
1.8	0.76918
1.97	0.73844
1.98	0.73511
1.87	0.76035
1.94	0.7452
2.1	0.75339
1.87	0.7579
2.16	0.74162
2.08	0.72158
1.86	0.75314
1.91	0.75136
2.1	0.75647
2.07	0.74189
1.8	0.75876
2.0	0.75793
2.03	0.73433
2.43	0.69988
1.97	0.74104
2.16	0.71337
1.96	0.75691
1.8	0.76517
2.17	0.74915
1.89	0.75777
2.04	0.7308
1.87	0.75542
1.85	0.7548
2.11	0.72535
2.15	0.73297
2.2	0.74204
2.11	0.75944
2.05	0.75718
1.89	0.74378
1.84	0.76196
2.0	0.74921
2.1	0.734
1.77	0.74764
1.74	0.76365
1.92	0.75189
2.16	0.75239
2.01	0.74056
1.99	0.74701
1.83	0.77326
2.0	0.74991
1.71	0.77421
2.18	0.73623
2.14	0.73872
2.1	0.73786
2.1	0.73912
2.02	0.72724
2.38	0.73134
1.9	0.70612
2.21	0.73067
2.27	0.71251
2.1	0.72909
2.07	0.73447
2.22	0.72126
2.0	0.74418
2.07	0.74166
2.0	0.73618
2.43	0.72308
2.07	0.74572
1.95	0.74557
1.95	0.73517
2.14	0.73171
2.19	0.72193
2.09	0.73987
2.49	0.71254
2.1	0.73163
2.38	0.71854
1.96	0.73208
2.01	0.74025
2.29	0.7146
2.11	0.72683
2.27	0.7016
2.14	0.71269
2.22	0.72379
2.33	0.70695
2.22	0.71177
2.05	0.73776
2.12	0.73005
2.16	0.73044
2.11	0.72756
2.22	0.71676
2.04	0.73452
2.03	0.74324
2.02	0.74313
1.97	0.7427
2.05	0.73677
2.11	0.73052
2.56	0.69807
2.0	0.7343
1.97	0.73905
2.05	0.72173
2.14	0.73268
2.12	0.73834
2.26	0.7317
2.2	0.72497
2.14	0.73532
2.13	0.73501
2.22	0.74024
2.31	0.70561
2.23	0.73538
2.02	0.74239
2.25	0.7177
2.02	0.74344
2.05	0.73236
1.99	0.74016
2.13	0.71526
1.93	0.74288
2.34	0.71559
2.24	0.70533
2.58	0.66532
2.21	0.72824
2.39	0.68398
2.18	0.71963
2.14	0.73496
2.4	0.6819
2.11	0.73573
1.89	0.74811
2.27	0.73254
2.31	0.71242
2.03	0.72823
2.15	0.72726
2.13	0.71936
2.24	0.73343
2.41	0.70275
1.93	0.74489
2.51	0.67636
2.45	0.6962
2.44	0.68926
2.04	0.73157
1.95	0.72239
2.28	0.69604
2.26	0.70601
2.47	0.67612
2.43	0.67694
2.36	0.69708
2.32	0.68873
2.28	0.71545
2.16	0.73338
2.33	0.71152
2.11	0.71449
2.36	0.7051
2.5	0.69696
2.37	0.69927
1.92	0.74131
2.09	0.71665
2.01	0.73029
2.15	0.73381
2.22	0.72241
2.7	0.67098
2.37	0.71377
2.17	0.71447
2.22	0.70534
2.22	0.70653
2.36	0.70951
2.09	0.72732
2.21	0.6864
2.19	0.70708
2.31	0.70811
2.14	0.72716
2.32	0.68181
2.39	0.71289
2.02	0.71978
2.58	0.68086
2.25	0.71782
2.12	0.74011
2.08	0.74692
2.02	0.74792
1.96	0.75909
1.96	0.73393
2.26	0.73509
2.53	0.69465
2.09	0.74342
2.15	0.71873
2.04	0.73231
1.93	0.7528
2.22	0.71748
1.9	0.75373
1.99	0.75605
1.88	0.7508
2.13	0.73492
2.0	0.75707
1.96	0.74708
1.87	0.74689
2.09	0.74544
2.22	0.72476
2.05	0.74517
2.47	0.70441
2.15	0.7319
2.55	0.72276
1.85	0.75058
1.96	0.74434
2.27	0.71147
2.07	0.72948
2.21	0.70427
2.14	0.71119
2.15	0.72798
2.21	0.7185
2.12	0.72798
1.94	0.75404
2.03	0.7429
2.12	0.73352
2.15	0.73197
2.28	0.72461
2.07	0.73532
1.92	0.75953
1.95	0.75468
1.99	0.75207
1.93	0.75169
1.92	0.75178
2.28	0.6965
1.93	0.74087
1.88	0.74684
1.99	0.73099
2.14	0.73083
2.02	0.74311
2.02	0.74322
2.2	0.72396
2.07	0.74075
2.07	0.7396
2.03	0.75058
2.25	0.70907
2.07	0.74494
1.98	0.74455
2.1	0.71842
1.95	0.74637
2.03	0.75193
1.86	0.76177
1.9	0.75162
1.83	0.76306
1.9	0.75877
1.96	0.75246
2.34	0.71779
1.89	0.76011
1.96	0.73569
2.02	0.75056
1.82	0.7585
2.22	0.72252
1.71	0.76973
1.8	0.76659
2.03	0.74744
1.95	0.7497
1.84	0.76287
1.76	0.76738
1.88	0.74966
1.8	0.75977
1.98	0.74263
1.78	0.76759
2.21	0.71298
1.98	0.74064
2.3	0.74498
1.86	0.74944
2.25	0.75446
2.02	0.73148
1.9	0.74637
2.12	0.71437
1.98	0.7304
2.0	0.73577
2.14	0.7179
2.13	0.74518
1.78	0.76404
2.04	0.74169
1.97	0.75718
1.93	0.7444
2.11	0.73687
1.95	0.74356
1.85	0.75401
1.82	0.75912
1.85	0.75539
1.84	0.75748
1.85	0.75159
2.3	0.71044
1.97	0.75243
1.82	0.75458
2.07	0.73211
2.01	0.73523
1.95	0.74684
2.15	0.75335
2.09	0.72871
1.95	0.74583
2.03	0.73396
1.98	0.75885
2.09	0.73344
2.09	0.74331
1.74	0.76327
2.07	0.73402
1.8	0.75735
2.15	0.74328
2.21	0.73164
2.05	0.74679
1.98	0.74403
2.19	0.72146
2.27	0.73431
2.52	0.69433
2.19	0.71801
2.05	0.72576
2.22	0.72649
2.01	0.73467
2.08	0.74146
1.98	0.73472
2.05	0.73675
2.06	0.74532
2.18	0.71796
1.94	0.75113
1.95	0.74632
1.94	0.74447
2.02	0.73106
2.09	0.72925
2.14	0.72199
2.37	0.72161
2.04	0.73787
2.55	0.70599
1.94	0.73836
1.91	0.74052
2.16	0.71809
2.0	0.73637
2.11	0.71735
2.02	0.72707
1.99	0.73775
2.05	0.73471
2.23	0.70088
1.95	0.74174
2.14	0.7282
2.23	0.72239
2.02	0.74002
2.05	0.73037
1.9	0.75017
1.94	0.74574
1.88	0.75112
1.94	0.74641
2.11	0.73223
2.01	0.74211
2.3	0.71207
2.1	0.7384
1.83	0.75365
2.04	0.74144
2.1	0.74329
2.01	0.74906
2.45	0.73287
2.02	0.74118
1.84	0.75044
1.87	0.75728
2.27	0.74597
2.26	0.71083
2.07	0.75347
1.92	0.74123
2.08	0.72618
1.9	0.74854
1.92	0.75118
2.16	0.74144
2.11	0.74415
2.03	0.75686
2.16	0.72013
2.32	0.7325
2.73	0.68065
2.26	0.72468
2.32	0.71113
2.12	0.73193
2.04	0.74594
2.23	0.72321
2.09	0.73746
2.05	0.75295
1.92	0.75745
2.26	0.71994
1.86	0.75871
2.06	0.74735
1.99	0.74257
2.12	0.74453
2.22	0.72788
2.16	0.73399
2.42	0.71756
2.17	0.73423
2.52	0.69677
1.95	0.74847
2.05	0.74182
2.36	0.71138
2.21	0.72758
2.3	0.7083
2.24	0.71272
2.22	0.72769
2.22	0.72889
2.26	0.71225
2.01	0.74924
2.06	0.72493
2.1	0.72144
2.09	0.74163
2.38	0.72092
2.1	0.74036
1.94	0.76018
2.02	0.75118
2.02	0.75331
2.17	0.73799
2.1	0.74224
2.49	0.69975
2.21	0.73817
2.02	0.74619
1.98	0.74376
1.98	0.74036
2.19	0.73989
2.29	0.73822
2.22	0.73016
2.12	0.74349
2.05	0.75395
2.07	0.75097
2.4	0.69615
2.19	0.75075
2.05	0.74044
2.35	0.71271
2.07	0.74462
2.02	0.7491
2.11	0.73753
1.92	0.75654
1.98	0.75203
2.13	0.7349
2.25	0.74394
2.5	0.71023
2.22	0.72342
1.99	0.74157
2.04	0.72997
1.98	0.74454
1.98	0.74628
1.92	0.74652
2.02	0.74383
2.09	0.74851
2.14	0.73127
1.9	0.76299
1.87	0.75974
1.97	0.74557
2.09	0.74065
2.05	0.74097
2.08	0.73275
2.33	0.72733
1.97	0.75118
2.54	0.71792
1.92	0.74428
1.91	0.74433
2.13	0.72855
2.01	0.74111
2.02	0.73314
1.94	0.74055
1.95	0.74954
1.97	0.74659
2.23	0.70657
1.91	0.75341
2.16	0.73123
2.16	0.73586
1.95	0.75238
2.41	0.74271
1.88	0.75773
1.93	0.75105
1.83	0.7652
1.88	0.75589
2.07	0.73335
2.04	0.74715
2.25	0.72598
2.11	0.74566
1.82	0.76129
1.98	0.75299
1.98	0.74735
2.08	0.75034
2.4	0.73602
1.77	0.74695
1.81	0.76029
1.9	0.75777
2.22	0.75536
2.15	0.72088
2.03	0.76016
1.84	0.75611
2.06	0.73411
1.81	0.76261
1.76	0.76269
1.81	0.7603
2.01	0.76403
1.75	0.76664
2.07	0.74682
2.01	0.75229
2.52	0.71024
2.04	0.74959
2.11	0.7399
2.02	0.75017
1.97	0.75966
1.9	0.74308
1.93	0.76488
1.75	0.76465
1.83	0.76107
2.07	0.74141
1.72	0.77173
1.95	0.76915
1.86	0.75407
1.84	0.7576
1.87	0.74982
1.81	0.75589
2.13	0.73129
1.83	0.75262
2.23	0.731
1.93	0.75953
1.94	0.76408
1.96	0.73589
2.03	0.75302
2.08	0.72987
2.12	0.73589
2.0	0.74756
1.92	0.7385
2.15	0.73222
1.94	0.76422
2.13	0.73904
1.86	0.74567
2.01	0.75732
2.07	0.7428
2.01	0.76085
1.7	0.76479
1.93	0.76862
1.67	0.76852
2.05	0.75551
2.03	0.75508
2.2	0.72181
2.05	0.75609
1.93	0.76331
1.83	0.75423
1.81	0.75515
2.08	0.75534
2.19	0.75573
1.94	0.74709
1.8	0.75935
1.77	0.76171
1.97	0.7666
2.19	0.72206
2.11	0.75939
1.92	0.76378
2.01	0.73477
1.92	0.76796
1.88	0.74954
2.08	0.7218
1.97	0.73129
2.03	0.72425
2.33	0.71756
1.94	0.71965
2.66	0.69041
2.37	0.70223
2.15	0.71633
2.22	0.73068
2.15	0.70399
1.88	0.7425
2.04	0.71581
2.04	0.72054
2.16	0.73355
2.35	0.69854
1.98	0.73244
2.09	0.73561
2.08	0.72354
2.42	0.71069
2.19	0.73703
2.13	0.71089
1.82	0.73117
2.32	0.72393
2.38	0.68944
2.12	0.71442
1.93	0.74473
1.96	0.73237
2.02	0.73597
2.17	0.72191
2.18	0.72045
2.1	0.73829
1.98	0.73066
2.56	0.66922
2.23	0.71461
2.26	0.68824
2.13	0.70819
2.17	0.73934
2.14	0.73202
2.05	0.74442
2.04	0.71851
2.2	0.72469
1.92	0.73436
2.06	0.71394
2.08	0.71263
2.2	0.72304
2.19	0.73194
2.03	0.7355
1.97	0.73693
1.75	0.75745
1.91	0.73965
2.01	0.71847
1.91	0.74206
1.88	0.74438
1.76	0.75606
1.84	0.73121
2.14	0.7041
1.94	0.75035
2.1	0.73194
2.22	0.71836
1.8	0.74786
2.35	0.69639
2.62	0.66067
2.54	0.68055
2.53	0.66503
2.7	0.66346
2.56	0.6653
1.93	0.7109
2.89	0.63117
2.47	0.67583
2.59	0.66692
2.75	0.64926
2.14	0.7124
2.63	0.65381
2.57	0.66386
2.62	0.67754
2.74	0.65078
2.4	0.67951
2.52	0.67846
2.45	0.67533
2.78	0.65699
2.46	0.69635
2.68	0.65056
2.32	0.70324
2.48	0.6911
2.97	0.62844
2.56	0.664
2.48	0.67861
2.54	0.68637
2.46	0.68251
2.31	0.70269
2.34	0.68943
2.34	0.70023
2.39	0.70684
3.03	0.60287
2.66	0.6612
2.8	0.63877
2.58	0.65355
2.4	0.70283
2.59	0.6887
2.35	0.69653
2.6	0.67615
2.52	0.67932
2.35	0.68597
2.75	0.6471
2.66	0.65574
2.55	0.6947
2.6	0.67899
2.34	0.69189
2.25	0.70409
2.12	0.72111
2.48	0.68796
2.78	0.65273
2.25	0.7003
2.25	0.70126
2.17	0.72575
2.51	0.67989
2.74	0.64881
2.42	0.70142
2.51	0.68199
2.62	0.66958
2.38	0.70219
2.2	0.73158
2.23	0.71439
2.05	0.73243
2.07	0.73336
2.39	0.69649
2.4	0.71364
2.75	0.668
2.32	0.70459
2.25	0.70045
2.37	0.70959
2.09	0.722
2.14	0.72105
2.14	0.71192
2.1	0.72648
2.13	0.73766
2.54	0.69542
2.02	0.73821
2.03	0.73303
2.19	0.72325
2.18	0.72039
2.25	0.70916
2.25	0.70536
2.5	0.70167
2.16	0.71714
2.71	0.68127
1.94	0.73601
2.24	0.72699
2.38	0.69735
2.19	0.71451
2.27	0.69756
2.21	0.69935
2.18	0.71609
2.13	0.71958
2.32	0.68788
2.05	0.72566
2.22	0.71421
2.38	0.69632
2.1	0.72303
2.59	0.71058
1.99	0.73616
1.96	0.73978
2.0	0.7333
2.03	0.73217
2.17	0.72096
2.14	0.72731
2.53	0.6911
2.45	0.71962
2.0	0.73184
2.12	0.72812
2.07	0.72965
2.13	0.73286
2.57	0.72227
2.11	0.72695
2.09	0.72824
1.96	0.74391
2.34	0.73258
2.47	0.68373
2.15	0.74144
2.08	0.72039
2.26	0.69993
2.0	0.73026
1.71	0.76309
1.76	0.75821
2.01	0.75379
1.71	0.7633
2.0	0.74483
2.08	0.74565
2.47	0.70051
1.95	0.75137
2.03	0.72503
2.05	0.74889
1.84	0.75433
2.0	0.72373
1.79	0.75818
1.8	0.76656
1.96	0.76019
2.0	0.73973
1.72	0.76277
1.81	0.76317
2.03	0.74515
1.95	0.75773
2.04	0.73754
1.86	0.75582
2.27	0.71607
2.04	0.73909
2.45	0.72437
1.76	0.75774
1.99	0.75704
2.06	0.7275
1.93	0.74115
2.03	0.71754
2.05	0.72002
1.98	0.73677
2.17	0.72725
2.08	0.72762
1.85	0.75655
2.11	0.73347
1.82	0.74343
1.94	0.74771
2.17	0.73262
1.94	0.74567
1.78	0.76302
1.89	0.75356
1.82	0.76006
1.93	0.75638
1.95	0.75174
2.3	0.71046
2.0	0.75139
1.81	0.75446
2.02	0.74132
1.79	0.74959
1.99	0.75292
2.18	0.75393
2.06	0.73455
1.92	0.7483
1.91	0.75079
1.84	0.75998
2.22	0.71586
2.02	0.75394
1.82	0.75379
2.19	0.7228
1.78	0.75991
2.44	0.67172
2.86	0.63939
2.58	0.66442
2.72	0.6508
2.77	0.64885
2.83	0.64978
2.16	0.6998
3.03	0.62086
2.74	0.66182
2.64	0.65131
2.9	0.63566
2.55	0.69669
2.84	0.64338
2.92	0.64574
2.53	0.65737
2.78	0.63769
2.44	0.66582
2.77	0.66199
2.68	0.65969
2.98	0.64033
2.46	0.67642
3.02	0.63383
2.79	0.68416
2.69	0.67283
2.92	0.61763
2.75	0.64879
2.54	0.66119
2.54	0.67456
2.58	0.66751
2.6	0.68672
2.6	0.67381
2.47	0.68079
2.57	0.6882
3.2	0.59556
2.82	0.65033
2.92	0.63053
2.78	0.63685
2.65	0.68368
2.64	0.6779
2.44	0.6804
2.76	0.65899
2.69	0.66609
2.6	0.66409
2.76	0.63604
2.78	0.64664
2.59	0.6794
2.47	0.66172
2.59	0.67424
2.52	0.68102
2.38	0.69468
2.46	0.67696
2.67	0.63852
2.43	0.68117
2.55	0.68486
2.34	0.70141
2.94	0.66408
2.92	0.63939
2.5	0.67953
2.69	0.66889
2.45	0.65443
2.57	0.68138
1.99	0.75879
1.81	0.76837
1.9	0.75459
1.85	0.75878
1.86	0.75973
2.05	0.75977
2.25	0.72287
1.85	0.75961
1.92	0.74432
1.94	0.75899
1.85	0.75361
2.13	0.73511
1.7	0.77112
1.86	0.75638
1.95	0.75362
2.05	0.75553
1.82	0.76576
1.73	0.77196
1.94	0.75046
1.95	0.75057
1.94	0.7479
1.82	0.76145
2.23	0.73062
1.91	0.75156
2.11	0.75167
1.9	0.74238
1.94	0.76092
1.98	0.73813
1.85	0.75531
1.98	0.72563
1.89	0.74421
1.91	0.74809
2.06	0.73012
2.2	0.73198
1.82	0.75782
1.95	0.73997
1.85	0.7573
1.87	0.75467
2.21	0.74637
1.88	0.75496
1.88	0.74871
1.78	0.76557
1.85	0.75602
1.87	0.75361
1.83	0.75556
2.33	0.72341
1.86	0.7658
1.79	0.76034
2.02	0.74111
1.89	0.75299
1.9	0.75508
2.26	0.75386
2.01	0.74468
1.86	0.75876
1.93	0.75001
2.11	0.7595
1.95	0.74133
1.94	0.75403
1.71	0.76969
1.97	0.74904
1.74	0.7683
2.1	0.7461
2.27	0.72101
2.21	0.7239
2.23	0.7227
2.27	0.70716
2.37	0.70645
2.62	0.67329
2.34	0.69288
2.25	0.70167
2.15	0.71931
2.3	0.70343
2.14	0.73208
2.27	0.70642
2.23	0.72178
2.15	0.73144
2.29	0.69638
2.19	0.7299
2.22	0.72117
2.04	0.72299
2.37	0.70827
2.22	0.72637
2.31	0.70886
2.25	0.72211
2.16	0.72403
2.63	0.67711
2.1	0.71532
2.06	0.72956
2.27	0.72019
2.15	0.7205
2.16	0.71271
2.16	0.70818
2.07	0.72784
2.18	0.72637
2.7	0.66146
2.26	0.71194
2.39	0.69062
2.32	0.70289
2.08	0.7318
2.29	0.71648
2.17	0.72545
2.14	0.72715
2.18	0.72226
2.14	0.72949
2.29	0.70502
2.26	0.70859
2.3	0.70924
2.06	0.7255
2.22	0.72981
2.16	0.73603
2.0	0.75063
2.15	0.72895
2.42	0.71123
2.2	0.72802
2.14	0.73565
1.92	0.7506
2.13	0.72233
2.45	0.68562
2.06	0.74122
2.17	0.72111
2.3	0.70638
2.09	0.73421
2.11	0.73174
2.16	0.72653
2.15	0.74311
2.11	0.74079
2.31	0.71704
2.47	0.73289
2.54	0.69533
2.2	0.72472
2.2	0.72038
2.53	0.72277
2.09	0.73408
2.08	0.72626
2.05	0.73538
2.12	0.734
2.21	0.737
2.44	0.71737
2.07	0.74786
2.08	0.74216
2.11	0.73143
2.12	0.73071
2.33	0.71726
2.22	0.72059
2.67	0.70396
2.21	0.72765
2.51	0.71103
1.99	0.73634
2.06	0.73449
2.36	0.70814
2.18	0.72855
2.31	0.70232
2.19	0.71492
2.16	0.72614
2.22	0.71971
2.28	0.7062
2.07	0.73918
2.15	0.73409
2.12	0.71939
2.21	0.7274
2.55	0.72275
2.03	0.74481
2.02	0.74023
2.01	0.74574
2.09	0.73721
2.14	0.73655
2.09	0.7417
2.51	0.69996
2.46	0.73275
1.95	0.74711
2.24	0.72671
2.17	0.72795
2.07	0.75017
2.46	0.73042
1.93	0.7324
2.15	0.73612
2.05	0.74058
2.32	0.74072
2.41	0.70927
2.14	0.74557
2.08	0.73574
2.25	0.7205
2.03	0.74304
2.31	0.7196
2.49	0.69501
2.28	0.71307
2.31	0.71103
2.61	0.68404
2.53	0.69501
2.84	0.65443
2.52	0.67781
2.55	0.68783
2.53	0.69515
2.37	0.69493
2.26	0.71793
2.42	0.68904
2.28	0.70562
2.41	0.72111
2.55	0.68078
2.25	0.71902
2.32	0.71502
2.25	0.71036
2.32	0.69924
2.41	0.70418
2.5	0.68535
2.5	0.70257
2.29	0.70934
2.74	0.65911
2.2	0.70954
2.41	0.70954
2.53	0.69256
2.53	0.69971
2.45	0.69792
2.39	0.6927
2.38	0.71053
2.28	0.71461
2.63	0.65745
2.32	0.70386
2.46	0.69028
2.52	0.67666
2.36	0.71541
2.58	0.70143
2.23	0.72065
2.2	0.71984
2.22	0.71548
2.25	0.71706
2.43	0.68966
2.43	0.70056
2.62	0.6882
2.5	0.7069
2.29	0.71702
2.17	0.72309
2.21	0.72482
2.29	0.71484
2.52	0.69932
2.28	0.71648
2.27	0.71828
2.11	0.73776
2.44	0.7144
2.63	0.66657
2.27	0.72329
2.32	0.70432
2.5	0.68464
2.25	0.71535
1.83	0.75496
1.74	0.76846
1.89	0.75113
1.77	0.76479
1.88	0.75175
2.07	0.75071
2.6	0.70649
1.87	0.75726
2.19	0.72935
2.03	0.75156
1.97	0.76154
2.09	0.72137
1.91	0.76887
1.73	0.76746
1.89	0.75769
2.09	0.74608
1.78	0.76414
1.73	0.76832
1.79	0.75238
1.86	0.75589
1.93	0.74331
1.7	0.77109
2.27	0.71949
1.92	0.74151
2.27	0.73638
2.0	0.75331
2.01	0.75719
2.02	0.72736
2.09	0.74429
2.23	0.71296
2.01	0.72458
1.97	0.73432
2.07	0.72107
2.1	0.74297
1.97	0.76314
1.9	0.74334
1.82	0.75183
1.88	0.74585
2.18	0.73442
1.93	0.74298
1.73	0.76258
1.77	0.75988
1.72	0.76431
2.05	0.75623
2.08	0.75058
2.34	0.70753
2.01	0.75255
2.03	0.75174
1.96	0.73933
1.91	0.74163
2.22	0.74107
2.29	0.75511
2.06	0.7302
1.88	0.74916
1.91	0.74438
2.06	0.76298
2.2	0.72464
2.02	0.74523
1.86	0.76145
2.06	0.72899
1.75	0.76082
1.97	0.74499
2.21	0.71327
2.09	0.72213
2.2	0.70987
2.28	0.72659
2.17	0.72223
2.53	0.69792
2.52	0.68392
2.12	0.72551
1.96	0.72463
2.47	0.6916
1.93	0.74324
2.2	0.7136
2.19	0.70952
2.3	0.71642
2.35	0.70755
1.99	0.72571
2.12	0.7334
2.19	0.71372
2.46	0.70317
2.12	0.74836
2.34	0.70623
2.01	0.74589
2.22	0.73446
2.44	0.68947
2.3	0.6958
1.9	0.72673
1.99	0.74035
2.1	0.73303
2.01	0.74357
2.02	0.7395
2.04	0.74677
1.97	0.73853
2.71	0.6493
2.3	0.70692
2.51	0.67398
2.1	0.71759
2.1	0.74829
2.26	0.73824
2.09	0.73844
2.3	0.7053
2.2	0.72297
2.0	0.72921
2.46	0.69468
2.33	0.69749
2.24	0.74227
2.11	0.72935
2.05	0.73459
1.99	0.73816
1.82	0.76103
2.28	0.72813
2.28	0.70169
1.75	0.73982
1.92	0.74656
2.01	0.75026
2.15	0.72739
2.16	0.70979
2.08	0.73717
2.02	0.73936
2.07	0.72397
2.03	0.75464
2.1	0.73398
2.15	0.74625
2.17	0.73561
2.1	0.74999
2.35	0.72981
2.5	0.7341
2.61	0.69087
2.37	0.74444
2.24	0.71183
2.27	0.72842
2.02	0.74793
2.27	0.70182
1.94	0.75248
2.09	0.74957
2.25	0.74155
2.3	0.72942
2.14	0.74677
2.04	0.74821
2.28	0.73335
2.23	0.74093
2.35	0.71509
2.12	0.74547
2.76	0.69713
2.31	0.7228
2.52	0.72423
2.03	0.74161
2.08	0.7394
2.4	0.70134
2.19	0.72274
2.42	0.68889
2.28	0.70157
2.27	0.71452
2.37	0.70239
2.2	0.72784
2.03	0.74798
2.23	0.73561
2.06	0.73224
2.29	0.72156
2.48	0.71189
2.2	0.72769
2.06	0.74858
2.09	0.74356
2.09	0.74722
2.12	0.74721
2.1	0.74402
2.65	0.68479
2.37	0.73339
2.06	0.73735
2.35	0.71825
2.28	0.71905
2.2	0.73676
1.96	0.73694
2.14	0.71362
2.24	0.72724
2.24	0.72298
2.34	0.74656
2.23	0.70459
2.27	0.73318
2.04	0.74126
2.42	0.71071
2.07	0.73892
1.89	0.75189
2.11	0.74342
2.13	0.73571
2.17	0.73113
1.93	0.74289
2.22	0.74432
2.34	0.7153
2.24	0.72471
2.03	0.73837
2.11	0.74734
2.15	0.72245
2.09	0.74251
1.97	0.74627
2.18	0.72882
2.05	0.73236
2.19	0.72971
2.1	0.74427
1.94	0.75498
2.02	0.73347
2.27	0.72377
2.07	0.7483
2.12	0.73561
2.2	0.74879
2.1	0.74632
2.24	0.72692
2.16	0.71409
1.98	0.74851
2.09	0.74325
1.94	0.75331
2.11	0.72952
1.97	0.74577
2.04	0.74807
2.18	0.7266
2.37	0.69151
2.11	0.73096
2.28	0.70759
2.1	0.73938
2.03	0.75128
2.16	0.74047
1.99	0.75032
2.18	0.7237
2.04	0.74452
2.05	0.74189
2.01	0.72372
2.12	0.72721
2.22	0.7303
2.11	0.75368
1.96	0.74719
2.18	0.73606
1.8	0.75831
2.05	0.74641
2.16	0.72862
2.1	0.74252
2.02	0.75331
2.03	0.74866
2.13	0.74098
1.98	0.73168
2.11	0.74659
1.9	0.759
2.07	0.74497
1.89	0.76037
2.52	0.68565
2.65	0.66882
2.58	0.6675
2.48	0.6838
2.97	0.63907
2.89	0.64771
2.43	0.65611
2.86	0.64617
2.92	0.63129
2.65	0.65258
2.69	0.67112
2.69	0.65053
2.77	0.65475
2.47	0.68143
2.68	0.6941
2.91	0.64054
2.52	0.67454
2.68	0.66768
2.59	0.66972
2.71	0.66918
2.88	0.65063
2.65	0.65883
2.94	0.64517
2.81	0.65461
2.95	0.60878
2.43	0.68956
2.48	0.66985
2.84	0.63969
2.82	0.64788
1.73	0.71454
2.06	0.67678
2.79	0.65335
2.64	0.6634
2.85	0.63594
2.72	0.66766
2.75	0.6599
2.8	0.63615
2.73	0.66258
2.2	0.68352
2.67	0.66476
2.3	0.70237
2.57	0.66573
2.41	0.69037
2.69	0.66665
2.71	0.66602
2.14	0.69314
2.73	0.65493
2.61	0.66688
2.55	0.67769
2.54	0.67583
2.56	0.66817
2.38	0.66071
2.48	0.65709
2.61	0.66552
2.5	0.69401
2.63	0.67797
2.97	0.61181
2.69	0.68084
2.63	0.65508
3.04	0.62533
2.7	0.66916
2.11	0.74285
2.27	0.72068
2.15	0.73182
2.19	0.73082
2.23	0.71467
2.23	0.71838
2.67	0.677
2.39	0.69418
2.18	0.71175
2.29	0.71741
2.17	0.71464
2.09	0.73668
2.14	0.7146
2.21	0.72669
2.13	0.73641
2.28	0.70514
2.14	0.73686
2.09	0.72891
2.12	0.73204
2.22	0.71554
2.08	0.73259
2.2	0.71074
2.16	0.72718
2.08	0.73139
2.72	0.6834
2.05	0.72395
1.84	0.72952
2.19	0.71768
2.12	0.72267
2.06	0.72239
2.07	0.72068
2.03	0.73351
2.0	0.73595
2.61	0.67489
2.1	0.724
2.32	0.70264
2.28	0.71087
2.01	0.73848
2.26	0.72346
2.01	0.73743
1.97	0.73751
2.03	0.73473
1.93	0.74245
2.26	0.71062
2.22	0.71634
2.29	0.71483
2.19	0.72559
1.96	0.7389
1.99	0.74361
2.04	0.74905
1.98	0.73137
2.26	0.71189
1.85	0.73421
1.98	0.74273
1.86	0.75943
2.17	0.73508
2.39	0.69329
2.12	0.74482
2.01	0.72985
2.26	0.71086
1.95	0.74179
1.9	0.75401
1.99	0.73374
2.17	0.73388
2.09	0.74356
2.09	0.7157
2.21	0.72152
2.75	0.66963
2.3	0.71391
2.32	0.70454
2.15	0.72325
2.13	0.73055
2.24	0.71736
2.13	0.72974
1.85	0.74554
1.97	0.74969
2.25	0.70935
2.12	0.74194
2.09	0.74068
2.02	0.72757
2.16	0.73565
2.18	0.73032
2.17	0.73095
2.16	0.71826
2.2	0.72674
2.45	0.68186
1.99	0.74257
2.07	0.73832
2.08	0.71597
2.19	0.72223
2.22	0.71604
2.29	0.70527
1.99	0.72534
2.19	0.72567
2.38	0.69561
2.11	0.73274
2.39	0.69947
2.18	0.71082
2.09	0.7393
2.28	0.7144
2.14	0.73272
1.97	0.75419
2.14	0.73267
1.74	0.75764
2.24	0.72227
2.2	0.72329
2.25	0.70359
2.07	0.72523
2.05	0.73941
1.9	0.74156
1.9	0.74083
2.24	0.72369
2.21	0.73059
2.25	0.72476
2.13	0.73733
1.8	0.7537
1.99	0.74845
2.49	0.6815
2.19	0.7387
2.07	0.73426
2.43	0.69721
2.05	0.74415
2.1	0.74557
2.05	0.73843
1.95	0.74625
1.96	0.7457
2.11	0.73369
2.08	0.73756
2.55	0.69783
2.15	0.72573
2.04	0.72833
2.17	0.73491
1.98	0.73674
1.97	0.7403
1.91	0.74368
1.98	0.74202
2.06	0.74727
2.14	0.72427
1.91	0.75421
1.89	0.75257
2.0	0.74616
2.08	0.73349
2.02	0.73808
2.03	0.73502
2.33	0.72857
1.98	0.74369
2.51	0.71917
1.92	0.73706
2.08	0.74804
2.12	0.7243
1.98	0.73735
2.02	0.72125
1.99	0.73038
2.0	0.73916
2.07	0.72805
2.18	0.70746
1.91	0.7451
2.07	0.72518
2.17	0.73106
1.96	0.74426
2.18	0.73424
1.9	0.74974
1.9	0.74719
1.86	0.7542
1.9	0.75061
2.02	0.73347
2.0	0.73548
2.29	0.71515
2.06	0.74402
1.85	0.75252
2.01	0.74201
1.94	0.7481
2.01	0.74287
2.44	0.73818
2.02	0.7415
1.94	0.74954
1.91	0.75228
2.29	0.7492
2.15	0.71581
2.09	0.74976
1.86	0.74882
2.12	0.73054
1.85	0.75334
2.0	0.7351
2.38	0.70971
2.24	0.72115
2.25	0.72072
2.38	0.69881
2.25	0.70319
2.7	0.66894
2.42	0.68661
2.28	0.70006
2.27	0.70727
2.25	0.70287
2.27	0.72069
2.22	0.70236
2.28	0.7161
2.26	0.72486
2.34	0.69429
2.02	0.72705
2.21	0.71823
2.02	0.71639
2.32	0.70757
2.29	0.71752
2.39	0.7006
2.42	0.70939
2.24	0.71692
2.69	0.66564
2.1	0.71313
2.17	0.71836
2.3	0.70956
2.22	0.71278
2.19	0.71209
2.21	0.7047
2.16	0.72202
2.2	0.7282
2.57	0.66005
2.28	0.7106
2.34	0.68849
2.24	0.69248
2.14	0.72849
2.26	0.71208
2.16	0.72093
2.17	0.72648
2.17	0.71857
2.11	0.72598
2.32	0.70199
2.27	0.71068
2.43	0.70337
2.3	0.71575
2.05	0.72702
2.0	0.73198
2.13	0.73997
2.23	0.72414
2.35	0.7049
2.31	0.71775
2.19	0.73245
1.95	0.7488
2.15	0.72218
2.54	0.67743
2.2	0.73564
2.24	0.71661
2.44	0.69342
2.15	0.72952
1.78	0.75928
1.92	0.7434
2.09	0.74844
1.92	0.74157
1.94	0.7393
2.1	0.74723
2.39	0.71405
2.16	0.72498
2.1	0.73978
1.96	0.74512
2.17	0.73039
1.83	0.75048
2.13	0.74601
1.95	0.73897
1.92	0.74696
2.14	0.72612
1.84	0.7529
2.02	0.75689
1.93	0.74166
2.03	0.73138
1.84	0.75328
1.97	0.73344
2.06	0.75399
1.88	0.74858
2.25	0.71771
2.02	0.72925
1.9	0.7535
1.88	0.74455
2.01	0.75542
1.97	0.74174
1.94	0.74465
1.93	0.75459
1.89	0.74126
2.37	0.69764
2.12	0.73723
2.29	0.71252
1.95	0.73341
1.76	0.76011
2.1	0.74521
2.01	0.75835
1.9	0.74078
2.04	0.75192
1.92	0.75412
2.22	0.72796
2.02	0.73672
2.18	0.7333
2.06	0.75155
1.96	0.75781
1.85	0.75076
1.71	0.7691
2.09	0.74684
2.09	0.73605
1.89	0.75155
1.91	0.761
1.72	0.76806
2.1	0.75403
2.23	0.72493
1.97	0.75537
2.06	0.75596
1.97	0.73943
1.82	0.76566
2.56	0.70414
2.68	0.68635
2.45	0.69928
2.47	0.70413
2.6	0.66802
2.81	0.67866
3.02	0.63965
2.72	0.66706
2.63	0.67119
2.62	0.67911
2.45	0.69023
2.49	0.69732
2.52	0.68111
2.46	0.69475
2.36	0.70742
2.7	0.66876
2.44	0.70748
2.45	0.69969
2.35	0.69524
2.55	0.68454
2.63	0.68191
2.62	0.67375
2.88	0.67422
2.48	0.6887
2.89	0.64581
2.31	0.69949
2.64	0.69453
2.78	0.67395
2.58	0.6844
2.63	0.67696
2.54	0.67402
2.57	0.68844
2.56	0.6969
2.83	0.65125
2.43	0.69479
2.45	0.68567
2.7	0.66819
2.48	0.69335
2.74	0.68643
2.38	0.70141
2.27	0.71013
2.34	0.7007
2.42	0.70093
2.48	0.68662
2.44	0.69579
2.98	0.66628
2.59	0.69199
2.31	0.70134
2.47	0.70035
2.47	0.70142
2.39	0.7061
2.78	0.68487
2.43	0.69436
2.49	0.70142
2.3	0.71414
2.76	0.6994
2.78	0.65686
2.49	0.71041
2.49	0.68941
2.67	0.66778
2.47	0.69913
2.41	0.6876
2.56	0.66753
2.38	0.6907
2.3	0.69836
2.65	0.65857
2.82	0.66297
3.01	0.63073
2.61	0.65752
2.63	0.65927
2.7	0.66201
2.31	0.68705
2.51	0.67977
2.52	0.66989
2.32	0.69423
2.37	0.6993
2.65	0.65832
2.3	0.69617
2.5	0.68321
2.39	0.68777
2.4	0.68493
2.62	0.67023
2.61	0.66573
2.9	0.66166
2.43	0.68067
3.08	0.63156
2.25	0.69923
2.54	0.67782
2.73	0.66112
2.54	0.67006
2.55	0.66993
2.58	0.66337
2.49	0.67948
2.41	0.688
2.65	0.6458
2.38	0.68823
2.45	0.67502
2.67	0.6528
2.47	0.68538
2.63	0.6706
2.43	0.6864
2.21	0.71312
2.34	0.69137
2.37	0.69574
2.37	0.68085
2.34	0.6885
2.78	0.65638
2.52	0.67646
2.29	0.69696
2.34	0.69308
2.39	0.68951
2.42	0.68578
2.73	0.67431
2.53	0.67628
2.34	0.68854
2.27	0.70682
2.69	0.69011
2.74	0.63871
2.36	0.69645
2.5	0.67519
2.67	0.65161
2.41	0.686
1.85	0.7621
2.06	0.73486
2.12	0.72816
2.08	0.73027
2.06	0.73447
2.14	0.73038
2.56	0.69121
2.22	0.71177
2.15	0.71711
2.11	0.73692
2.16	0.71344
2.1	0.72497
2.05	0.72913
2.02	0.73631
2.1	0.73811
2.14	0.71727
2.07	0.73567
1.97	0.74669
2.17	0.72262
2.15	0.7256
1.93	0.75356
2.04	0.73114
2.06	0.73536
2.06	0.73461
2.54	0.69224
2.09	0.7165
2.09	0.74241
1.99	0.73897
2.01	0.73655
1.97	0.73744
2.06	0.72655
1.98	0.74204
2.04	0.73109
2.61	0.67706
2.12	0.72146
2.4	0.68312
2.1	0.72293
1.85	0.75842
2.14	0.73038
2.03	0.73875
2.02	0.73168
2.1	0.72609
1.89	0.75062
2.2	0.71208
2.21	0.70774
2.15	0.72875
2.09	0.73687
2.0	0.73631
2.0	0.74435
1.82	0.76391
2.14	0.7272
2.3	0.72202
2.1	0.73364
1.96	0.74754
1.89	0.75675
2.09	0.74367
2.31	0.69671
2.03	0.7423
1.92	0.74419
2.25	0.71383
1.85	0.75977
2.05	0.7352
2.02	0.72931
2.11	0.73781
2.15	0.73619
2.16	0.72031
2.27	0.73293
2.67	0.68676
2.32	0.71508
2.22	0.71666
2.15	0.72748
2.15	0.72508
2.1	0.73924
2.13	0.72902
2.17	0.73263
2.04	0.74093
2.47	0.70664
2.08	0.74454
2.12	0.73699
2.0	0.73928
2.25	0.72151
2.17	0.73104
2.24	0.72144
2.3	0.72971
2.17	0.73076
2.39	0.70447
2.1	0.72959
2.02	0.74389
2.07	0.719
2.11	0.73219
2.28	0.70995
2.2	0.72038
2.19	0.72788
2.25	0.72222
2.33	0.70101
2.1	0.73303
2.14	0.71509
2.27	0.71464
2.15	0.73227
2.18	0.72624
2.06	0.74303
2.09	0.7377
2.06	0.74197
1.89	0.73903
2.17	0.72741
2.17	0.72594
2.28	0.70873
2.07	0.73563
2.02	0.74308
1.99	0.73148
1.88	0.74393
2.12	0.74042
2.29	0.72687
2.12	0.7393
2.12	0.73866
2.04	0.74989
2.23	0.74369
2.29	0.70909
2.16	0.74337
2.2	0.73149
2.24	0.72358
2.07	0.74146
1.84	0.76846
1.81	0.7585
2.18	0.73938
2.17	0.74058
1.98	0.75694
1.92	0.76292
2.51	0.721
2.12	0.7336
2.09	0.74565
2.04	0.7621
2.15	0.73236
2.19	0.73692
1.97	0.76035
1.92	0.7419
2.15	0.74304
2.18	0.74234
2.07	0.74755
1.94	0.77
2.15	0.73671
2.02	0.73518
1.79	0.76331
1.83	0.75073
1.9	0.76295
1.85	0.75076
2.14	0.73
2.19	0.72411
2.0	0.75708
1.84	0.75448
1.99	0.76275
2.11	0.74185
2.03	0.75228
1.99	0.7531
1.95	0.73658
2.38	0.69858
2.14	0.73725
2.24	0.70661
1.93	0.75001
1.94	0.77003
2.09	0.74991
2.07	0.75428
2.18	0.73589
2.07	0.74828
1.76	0.76136
2.29	0.72057
2.21	0.72845
2.12	0.7404
2.04	0.75657
2.03	0.75077
1.88	0.74831
1.75	0.76764
2.21	0.74037
2.17	0.74331
2.16	0.74671
1.78	0.76301
1.83	0.75718
1.95	0.76101
2.2	0.73632
2.18	0.74848
1.85	0.77578
2.11	0.74587
1.88	0.77689
2.26	0.71048
2.5	0.69661
2.3	0.71475
2.31	0.71749
2.41	0.6862
2.5	0.69627
2.72	0.65921
2.55	0.68668
2.45	0.68941
2.46	0.69512
2.32	0.70474
2.36	0.71009
2.37	0.69648
2.37	0.70771
2.22	0.71847
2.51	0.68637
2.28	0.72229
2.36	0.70909
2.26	0.71029
2.42	0.7003
2.5	0.69609
2.51	0.68633
2.6	0.68862
2.48	0.70237
2.67	0.66884
2.21	0.71073
2.36	0.70799
2.58	0.68827
2.41	0.70069
2.4	0.68972
2.4	0.69144
2.34	0.70685
2.29	0.70996
2.57	0.66782
2.31	0.71057
2.34	0.69979
2.52	0.68179
2.36	0.70686
2.4	0.70063
2.27	0.71794
2.21	0.71934
2.25	0.71794
2.3	0.71237
2.19	0.70369
2.25	0.71164
2.48	0.68184
2.29	0.7067
2.18	0.71962
2.37	0.71288
2.17	0.71284
2.23	0.72383
2.42	0.70031
2.34	0.71067
2.3	0.71653
2.18	0.72802
2.44	0.71168
2.6	0.6729
2.25	0.72582
2.36	0.7026
2.43	0.68862
2.28	0.71074
1.8	0.75034
2.08	0.74196
2.14	0.73011
2.17	0.72604
1.99	0.74638
2.15	0.73747
2.32	0.71738
2.14	0.72101
1.99	0.73101
2.07	0.7456
2.16	0.70945
2.1	0.73686
2.02	0.73952
2.16	0.72761
2.19	0.72592
2.12	0.72239
1.92	0.73583
1.93	0.74569
1.91	0.72657
2.24	0.71475
1.92	0.75568
2.09	0.73498
2.07	0.74666
2.08	0.73455
2.42	0.72052
2.14	0.70703
2.05	0.74771
1.88	0.75272
1.87	0.7494
1.99	0.73222
1.92	0.74118
1.93	0.74615
2.19	0.72328
2.39	0.68162
2.11	0.71932
2.36	0.69147
2.08	0.73635
1.91	0.75232
2.2	0.73913
1.99	0.73773
2.24	0.71252
2.05	0.73095
2.0	0.73202
2.19	0.7161
2.16	0.71742
2.15	0.73599
2.03	0.7483
1.95	0.73614
2.11	0.72943
1.93	0.75955
2.11	0.73383
2.37	0.72471
2.15	0.7341
2.05	0.74595
1.94	0.74324
2.24	0.7345
2.14	0.72859
2.07	0.73908
1.93	0.75182
2.12	0.73803
1.92	0.75409
1.99	0.74801
1.89	0.74793
2.17	0.73801
2.15	0.73821
2.08	0.74321
2.22	0.74435
2.58	0.70422
2.14	0.73072
2.19	0.7258
2.01	0.74737
2.15	0.72927
2.21	0.73012
2.04	0.74632
1.93	0.73919
2.03	0.74283
2.16	0.72711
2.09	0.74854
2.05	0.74948
2.12	0.74089
2.23	0.73109
1.91	0.74374
1.92	0.7415
2.06	0.73795
2.09	0.73851
2.24	0.7235
2.14	0.72815
1.98	0.75412
1.98	0.73489
2.07	0.74368
2.3	0.71781
2.17	0.72904
1.95	0.73776
2.3	0.72001
2.3	0.70622
2.1	0.73679
2.18	0.71305
2.06	0.73398
2.08	0.74543
2.22	0.73329
2.12	0.74006
2.14	0.73634
2.08	0.74413
1.88	0.74611
2.19	0.73009
2.19	0.72811
2.2	0.71816
2.09	0.74833
2.07	0.74187
2.01	0.73369
1.85	0.75195
2.19	0.73619
2.27	0.73672
2.2	0.73412
2.11	0.74597
1.87	0.74867
2.03	0.74823
2.26	0.72122
2.22	0.73967
2.0	0.7497
2.02	0.73411
2.02	0.75343
1.93	0.76835
1.86	0.76275
2.01	0.75225
1.86	0.75965
1.96	0.75149
1.96	0.75527
2.39	0.71351
1.98	0.74611
1.96	0.73855
1.98	0.75803
1.87	0.75086
2.11	0.73493
1.75	0.76438
1.85	0.75739
1.95	0.75827
1.96	0.74525
1.94	0.76509
1.76	0.76897
1.97	0.74704
1.94	0.75097
1.93	0.75106
1.86	0.75702
2.09	0.73341
1.93	0.74824
2.38	0.72911
1.86	0.74451
1.98	0.75892
1.97	0.74104
1.84	0.75452
1.94	0.73041
1.86	0.73683
1.83	0.75006
2.0	0.73649
2.1	0.71992
1.82	0.75777
2.1	0.72426
2.01	0.75068
1.84	0.75788
2.06	0.74548
1.89	0.75212
1.84	0.75345
1.83	0.75845
1.8	0.76272
1.92	0.74656
1.89	0.74746
2.19	0.72397
1.95	0.75761
1.79	0.75968
1.96	0.74878
1.98	0.75672
1.91	0.75317
2.41	0.75197
2.01	0.74135
1.84	0.76162
1.86	0.75768
2.15	0.76454
2.14	0.72821
1.94	0.75685
1.71	0.76803
2.06	0.73666
1.73	0.76955
1.91	0.74467
2.17	0.74136
2.03	0.75075
2.08	0.74724
2.13	0.73337
2.15	0.74031
2.37	0.70847
2.1	0.73245
2.01	0.73311
2.19	0.73846
1.99	0.73791
1.9	0.73988
1.9	0.74716
2.05	0.73773
2.1	0.74335
2.09	0.73001
1.96	0.75635
1.91	0.75377
1.91	0.74231
2.14	0.73432
2.14	0.73158
2.11	0.72937
2.28	0.72078
2.04	0.74367
2.4	0.72837
1.93	0.73841
2.11	0.74593
2.16	0.7241
1.97	0.7427
2.14	0.71606
1.98	0.73237
1.93	0.7411
2.08	0.73201
2.22	0.70719
1.96	0.74461
2.09	0.7372
1.94	0.7325
2.03	0.74232
2.2	0.73648
1.93	0.74962
1.98	0.73987
1.88	0.75677
2.0	0.7404
2.04	0.742
1.97	0.74988
2.3	0.71419
2.04	0.75081
1.83	0.75443
2.11	0.736
2.06	0.74668
1.89	0.75709
2.31	0.74016
2.02	0.74248
1.86	0.7508
1.95	0.74861
2.0	0.74331
2.18	0.72632
2.04	0.75402
1.9	0.74919
2.04	0.73726
1.86	0.75273
2.02	0.74585
2.12	0.71921
2.2	0.71857
2.26	0.70777
2.1	0.72321
2.32	0.72906
2.45	0.70011
2.33	0.68978
2.21	0.72879
2.16	0.73577
2.46	0.68957
2.0	0.74688
2.18	0.71453
2.22	0.70324
2.2	0.71556
2.24	0.69985
2.17	0.72331
2.02	0.73248
2.25	0.71393
2.32	0.69661
1.9	0.75137
2.2	0.70488
2.14	0.75816
2.07	0.7277
2.55	0.69108
2.41	0.69345
2.16	0.73585
1.9	0.74795
2.1	0.74754
2.03	0.73996
1.92	0.74191
1.92	0.74529
2.12	0.72955
2.7	0.6547
2.37	0.70386
2.45	0.66754
2.12	0.71107
1.89	0.74872
2.13	0.74041
1.96	0.7416
2.23	0.69902
2.11	0.71733
2.02	0.72524
2.32	0.69034
2.34	0.69632
2.15	0.74219
2.18	0.7327
2.16	0.73189
2.1	0.73419
1.79	0.76461
2.2	0.72558
2.4	0.70493
2.0	0.74119
1.91	0.74494
1.85	0.75285
2.37	0.72641
2.22	0.71432
2.17	0.73474
1.9	0.73953
2.13	0.72857
1.99	0.749
1.89	0.76285
2.0	0.7351
2.21	0.73425
2.06	0.72734
2.16	0.73615
2.06	0.74565
2.69	0.70042
2.33	0.70742
2.22	0.72858
2.22	0.74211
2.27	0.71449
1.91	0.74501
2.15	0.73291
2.0	0.7311
2.19	0.73902
2.39	0.71922
2.14	0.74057
2.04	0.7556
2.23	0.72821
2.24	0.72396
1.86	0.75486
2.02	0.72737
1.92	0.76384
2.04	0.74617
2.34	0.70358
2.2	0.71982
2.2	0.74691
1.98	0.74152
2.12	0.74607
2.13	0.74014
2.1	0.74179
2.04	0.74948
1.96	0.73353
2.52	0.67758
2.21	0.72479
2.31	0.69366
2.1	0.72717
1.95	0.75973
2.18	0.74092
2.07	0.75335
1.96	0.73187
2.14	0.73719
1.78	0.75721
2.39	0.70884
2.35	0.71127
2.17	0.73876
2.16	0.74431
2.07	0.7456
1.88	0.74835
1.76	0.76797
2.28	0.73434
2.28	0.72941
2.16	0.74762
1.86	0.7535
1.81	0.76244
2.01	0.75455
2.37	0.7111
2.23	0.74798
1.99	0.75559
2.24	0.72943
1.98	0.7648
1.99	0.74077
2.13	0.72068
2.03	0.73286
2.03	0.73207
2.24	0.7096
2.36	0.71891
2.84	0.67727
2.33	0.70003
2.35	0.71038
2.33	0.71554
2.26	0.72134
2.06	0.72785
2.26	0.71864
2.04	0.72969
2.15	0.73956
2.42	0.70329
1.98	0.74101
2.0	0.73602
2.11	0.72732
2.13	0.72196
2.1	0.72661
2.16	0.71402
2.54	0.71703
2.03	0.72992
2.53	0.68122
2.15	0.73103
2.24	0.72931
2.23	0.71264
2.3	0.72074
2.25	0.71571
2.29	0.7149
2.08	0.72786
2.0	0.73117
2.51	0.68148
2.21	0.72797
2.2	0.70237
2.17	0.70665
1.96	0.73838
2.33	0.72029
2.0	0.73623
1.92	0.74024
1.95	0.73819
1.93	0.74111
2.15	0.71366
2.14	0.7221
2.39	0.70922
2.22	0.7271
2.12	0.73885
1.89	0.74021
1.94	0.74364
2.3	0.72775
2.49	0.71814
2.09	0.72966
1.9	0.73905
1.87	0.75418
2.29	0.73608
2.35	0.6875
2.29	0.74248
2.12	0.73055
2.26	0.70527
1.9	0.74333
2.06	0.74632
2.05	0.73419
1.9	0.74859
1.92	0.74797
2.24	0.7282
2.12	0.73776
2.7	0.6923
2.29	0.72133
2.25	0.72398
2.17	0.73543
2.16	0.73754
1.91	0.74465
2.16	0.73535
1.94	0.74264
2.05	0.74972
2.24	0.72155
1.86	0.7554
1.92	0.74721
1.93	0.75043
2.08	0.73795
2.0	0.7356
2.05	0.72832
2.16	0.73071
2.08	0.74705
2.38	0.71062
2.09	0.7418
2.09	0.7475
2.12	0.7206
2.17	0.7368
2.2	0.71891
1.97	0.73137
2.11	0.7394
1.99	0.73553
2.37	0.70356
2.09	0.74711
2.08	0.72958
2.05	0.72475
1.91	0.74688
2.16	0.73463
1.88	0.74853
1.84	0.75095
1.82	0.7552
1.87	0.74623
2.2	0.73539
2.18	0.73869
2.37	0.71535
2.06	0.74797
2.02	0.75446
1.93	0.74553
1.87	0.7512
2.15	0.74941
2.22	0.73786
1.98	0.74185
1.97	0.75327
1.83	0.75769
2.07	0.75
2.18	0.70899
2.01	0.75282
2.02	0.74277
2.15	0.73343
1.84	0.75136
2.07	0.75112
2.02	0.74588
1.91	0.75269
1.9	0.75712
2.28	0.73223
2.22	0.74424
2.38	0.70418
2.12	0.74159
2.01	0.73187
2.21	0.74271
1.9	0.75111
2.14	0.73107
1.85	0.75365
1.94	0.74954
2.21	0.75202
2.24	0.7307
1.86	0.762
1.79	0.76557
1.95	0.73976
1.93	0.74533
2.07	0.7326
2.02	0.73861
2.4	0.71512
2.02	0.73969
2.31	0.7235
1.87	0.74755
2.1	0.75352
2.15	0.72026
1.98	0.74126
2.06	0.71685
2.02	0.72678
1.92	0.73801
2.08	0.72884
2.28	0.72286
1.84	0.757
2.1	0.73402
2.15	0.73463
1.98	0.74435
2.29	0.73482
1.88	0.7529
1.91	0.7493
1.83	0.75978
1.9	0.75005
1.95	0.7457
1.94	0.75405
2.42	0.71107
2.2	0.74963
1.83	0.75532
2.06	0.73822
1.99	0.7397
1.97	0.75509
2.27	0.74727
2.02	0.73913
1.83	0.75268
1.93	0.74674
2.2	0.75605
2.22	0.7187
2.0	0.754
1.83	0.75314
2.04	0.73018
1.82	0.75818
2.11	0.73603
1.98	0.7411
2.01	0.73665
1.92	0.74848
2.05	0.73244
2.37	0.72305
2.63	0.68724
2.22	0.73431
2.16	0.70905
2.16	0.72603
1.88	0.74824
2.3	0.7077
1.86	0.74605
1.75	0.75447
2.07	0.7402
2.2	0.73198
1.95	0.74795
1.94	0.74449
1.96	0.73627
1.9	0.74329
2.14	0.71801
1.91	0.74617
2.57	0.69308
2.04	0.73137
2.35	0.72129
1.88	0.74317
2.18	0.73507
2.21	0.70558
2.32	0.71709
2.23	0.69709
2.14	0.70606
2.11	0.71785
2.17	0.70859
2.29	0.72227
1.87	0.7495
2.03	0.74115
2.05	0.73688
2.05	0.7262
2.45	0.71177
2.11	0.72175
1.82	0.75577
1.89	0.74793
1.9	0.74389
1.94	0.74399
2.01	0.73931
2.59	0.68872
2.09	0.73458
2.12	0.7405
2.01	0.72366
2.08	0.7237
2.1	0.73254
2.37	0.73409
2.21	0.71275
1.94	0.73086
2.07	0.72626
2.37	0.73761
2.24	0.69925
2.1	0.73363
1.91	0.73834
2.26	0.70849
1.9	0.74207
1.77	0.76166
1.93	0.75905
2.07	0.7528
1.94	0.75554
2.0	0.75272
2.07	0.75824
2.35	0.7249
2.02	0.74804
1.96	0.74264
2.03	0.7594
1.95	0.74556
1.97	0.73378
1.78	0.76475
1.96	0.75097
2.08	0.74921
2.05	0.74116
1.95	0.76057
1.84	0.76791
1.99	0.74366
1.98	0.74663
2.01	0.75206
1.92	0.75471
2.23	0.72921
2.11	0.73827
2.42	0.73546
1.95	0.738
1.81	0.75681
1.95	0.74838
1.85	0.75985
2.06	0.72833
1.97	0.73873
1.96	0.74842
2.17	0.7333
2.17	0.72168
1.99	0.75582
2.2	0.72515
1.82	0.74974
1.96	0.7522
2.09	0.75276
1.96	0.74996
2.0	0.73863
2.02	0.75502
1.93	0.75008
2.05	0.7468
1.92	0.7477
2.25	0.72804
2.04	0.75471
1.84	0.75629
2.09	0.73929
1.86	0.74848
2.05	0.75594
2.07	0.75046
1.87	0.73693
1.92	0.7581
1.96	0.74925
2.18	0.75955
2.11	0.74049
2.09	0.75128
1.77	0.76839
2.14	0.73984
1.78	0.76663
2.03	0.74605
2.05	0.73593
2.25	0.73743
2.21	0.743
2.09	0.72879
2.38	0.73292
2.56	0.68858
2.37	0.71849
2.29	0.7164
1.97	0.72936
2.2	0.73208
2.33	0.72171
2.13	0.73985
1.96	0.7422
2.1	0.73663
2.3	0.72225
2.01	0.74517
2.1	0.7472
2.12	0.73332
2.29	0.73333
2.06	0.73551
2.02	0.73371
2.41	0.72195
2.26	0.73307
2.52	0.70406
2.2	0.72702
1.93	0.73697
2.12	0.72111
2.21	0.72898
2.44	0.71783
2.4	0.72041
2.07	0.73113
2.26	0.72829
2.44	0.69711
2.15	0.73948
2.35	0.71309
2.09	0.72327
2.14	0.7429
2.22	0.72613
2.18	0.73836
2.14	0.74221
2.13	0.74467
1.86	0.74876
2.11	0.72625
2.27	0.72817
2.3	0.70918
1.89	0.73416
2.1	0.74279
2.06	0.73887
1.95	0.74128
2.24	0.73533
2.09	0.72957
2.06	0.72977
2.21	0.74342
2.12	0.74623
2.19	0.74528
2.43	0.7029
2.47	0.74027
2.23	0.74672
2.3	0.7202
2.06	0.74865
2.47	0.68995
2.54	0.67059
2.34	0.701
2.41	0.69353
2.73	0.671
2.66	0.68084
2.9	0.64977
2.82	0.66004
2.51	0.67773
2.71	0.67022
2.43	0.68428
2.31	0.70628
2.49	0.67792
2.41	0.687
2.47	0.6944
2.74	0.66725
2.34	0.7034
2.44	0.69565
2.55	0.69452
2.6	0.68334
2.53	0.68458
2.63	0.66656
2.66	0.68285
2.55	0.69622
2.89	0.65263
2.32	0.69506
2.37	0.68609
2.64	0.6728
2.52	0.68308
2.59	0.68239
2.4	0.68548
2.15	0.71283
2.31	0.69809
2.71	0.64715
2.37	0.69402
2.52	0.68236
2.59	0.66501
2.52	0.69735
2.72	0.68769
2.31	0.70896
2.3	0.70272
2.26	0.70639
2.38	0.69626
2.49	0.67855
2.41	0.69286
2.77	0.67491
2.66	0.69
2.26	0.70602
2.29	0.69914
2.36	0.69964
2.42	0.70405
2.59	0.67844
2.18	0.69992
2.26	0.70175
2.22	0.71494
2.6	0.69698
2.65	0.65939
2.45	0.70542
2.39	0.69195
2.66	0.67686
2.33	0.69833
1.89	0.74516
2.03	0.74473
2.06	0.73854
1.94	0.75559
2.23	0.72125
2.23	0.7308
2.57	0.68098
2.12	0.7341
2.17	0.71229
2.19	0.73549
1.92	0.74862
2.12	0.71076
1.94	0.74214
1.98	0.74805
2.08	0.75378
2.18	0.72171
2.0	0.75226
1.99	0.74447
2.14	0.7346
2.09	0.74141
2.22	0.71871
2.06	0.73716
2.44	0.69965
2.21	0.72013
2.6	0.70437
1.9	0.74394
2.16	0.74279
2.25	0.70973
2.06	0.72859
2.26	0.69851
2.2	0.70276
2.15	0.7201
2.13	0.72095
2.2	0.71734
1.93	0.74893
2.12	0.72559
2.15	0.72084
2.12	0.72914
2.29	0.71922
2.09	0.73116
1.92	0.75116
2.0	0.74403
2.0	0.74372
2.07	0.744
1.92	0.74746
2.48	0.69145
2.17	0.73655
1.95	0.74003
2.14	0.73059
2.12	0.72839
2.02	0.7422
2.06	0.74057
2.22	0.71934
2.04	0.73847
2.0	0.74255
2.25	0.74596
2.37	0.70065
2.05	0.74594
1.98	0.73795
2.33	0.70941
1.96	0.74186
1.85	0.75616
2.04	0.73209
2.06	0.72643
2.03	0.73047
2.02	0.72943
2.24	0.73122
2.49	0.69034
2.31	0.70886
2.24	0.72088
2.09	0.72962
2.28	0.71578
2.07	0.71992
2.13	0.73384
1.98	0.73353
2.21	0.73405
2.21	0.71695
1.97	0.73805
2.08	0.75156
2.12	0.7184
2.08	0.7258
1.91	0.74561
2.21	0.72847
2.19	0.73137
1.98	0.73296
2.49	0.69187
2.2	0.71751
2.05	0.73459
2.03	0.73105
2.2	0.73189
2.13	0.7334
2.18	0.7249
2.05	0.73692
2.18	0.73028
2.56	0.67873
2.24	0.72484
2.54	0.68324
2.06	0.72016
1.84	0.75188
2.27	0.73053
1.97	0.73643
2.15	0.73154
2.0	0.72951
1.79	0.75236
2.41	0.70683
2.26	0.71039
2.28	0.72241
2.04	0.72954
2.11	0.73571
1.92	0.74251
1.95	0.74994
2.27	0.7248
2.25	0.72021
1.83	0.72691
1.9	0.74503
1.87	0.74986
2.18	0.74697
2.26	0.69625
2.19	0.73616
2.0	0.75092
2.19	0.70966
2.0	0.75648
2.62	0.70246
2.74	0.68221
2.5	0.70113
2.55	0.69933
2.57	0.68101
2.74	0.68143
2.99	0.65376
2.79	0.6616
2.6	0.68423
2.66	0.67909
2.57	0.68807
2.52	0.70289
2.57	0.68467
2.6	0.69433
2.46	0.70091
2.66	0.68233
2.5	0.70741
2.56	0.69698
2.44	0.69797
2.65	0.68784
2.65	0.69288
2.73	0.67739
2.79	0.68338
2.52	0.70201
2.88	0.65269
2.45	0.69264
2.41	0.68787
2.76	0.68422
2.63	0.68706
2.54	0.69407
2.5	0.68767
2.49	0.70326
2.48	0.7113
2.83	0.64339
2.52	0.69576
2.61	0.67974
2.69	0.67897
2.55	0.70365
2.53	0.69291
2.47	0.70276
2.46	0.7082
2.43	0.70858
2.54	0.70304
2.6	0.68112
2.49	0.69332
2.57	0.68463
2.48	0.69451
2.39	0.70877
2.38	0.70916
2.53	0.70598
2.48	0.70301
2.46	0.67694
2.36	0.69978
2.49	0.71202
2.38	0.72175
2.69	0.69942
2.77	0.66212
2.52	0.71281
2.52	0.69803
2.73	0.67654
2.44	0.70861
1.77	0.76166
1.68	0.77637
2.15	0.74074
2.06	0.75556
1.97	0.76203
1.96	0.75802
2.56	0.71975
2.08	0.76111
2.17	0.73418
1.95	0.76416
2.03	0.74965
2.28	0.72385
1.87	0.77182
1.77	0.76104
2.05	0.74242
2.06	0.74674
2.08	0.75398
1.95	0.7664
2.14	0.74153
2.09	0.75302
1.88	0.75179
1.65	0.77546
2.14	0.73148
2.04	0.74083
2.22	0.74079
2.11	0.73527
2.03	0.75548
1.9	0.74708
2.04	0.75538
2.25	0.71917
2.11	0.73386
2.12	0.73597
2.11	0.71556
2.17	0.7315
2.03	0.75205
2.23	0.72536
1.97	0.76294
1.95	0.75092
2.14	0.7374
2.16	0.73978
2.11	0.74424
2.06	0.74935
1.81	0.75408
2.13	0.74373
2.12	0.74078
2.27	0.71609
2.09	0.75268
2.07	0.74427
2.02	0.73225
1.92	0.74327
2.24	0.73639
2.22	0.75096
2.3	0.72594
2.11	0.74789
2.06	0.7319
2.02	0.75713
2.14	0.73934
2.29	0.73758
1.87	0.77128
2.15	0.73567
1.98	0.76055
1.98	0.75477
1.99	0.74965
1.91	0.75634
1.94	0.7544
2.27	0.74184
2.08	0.75744
2.44	0.71368
2.26	0.73847
1.97	0.74138
2.16	0.74702
1.94	0.74627
1.99	0.74269
1.99	0.75914
1.97	0.74809
2.03	0.75052
2.25	0.73665
1.87	0.76403
1.78	0.76984
2.24	0.74711
2.2	0.74513
1.97	0.74786
2.02	0.74225
2.22	0.73642
2.12	0.75242
2.37	0.73142
1.9	0.74375
2.1	0.75446
2.1	0.73116
1.91	0.75252
2.2	0.72923
1.91	0.7446
1.94	0.74842
2.05	0.73588
2.13	0.71808
1.88	0.75441
2.13	0.73406
2.01	0.74055
1.91	0.75664
2.32	0.74419
1.85	0.7609
1.93	0.74865
1.81	0.76408
1.87	0.75762
2.0	0.74077
2.0	0.75142
2.43	0.72297
2.05	0.7538
1.81	0.76105
2.0	0.74736
1.93	0.75239
2.03	0.75652
2.21	0.74744
1.74	0.74741
1.9	0.76114
1.9	0.75623
2.09	0.76335
2.07	0.73095
2.1	0.75702
1.76	0.76519
2.16	0.744
1.78	0.7673
1.91	0.76535
1.86	0.77211
1.97	0.75534
1.91	0.76278
2.17	0.75327
2.07	0.75761
2.54	0.70747
1.98	0.75854
2.08	0.73392
1.87	0.75848
1.9	0.7565
2.11	0.7353
1.85	0.76367
1.88	0.76676
1.83	0.76546
2.19	0.74564
1.9	0.76737
1.85	0.76834
2.0	0.75641
1.98	0.75551
2.01	0.75032
1.87	0.76711
2.19	0.73765
1.99	0.75183
2.32	0.73698
1.9	0.75299
1.82	0.76732
2.08	0.73866
1.94	0.75275
2.18	0.72011
2.08	0.73236
2.06	0.74412
2.14	0.73208
2.19	0.73345
1.91	0.75547
2.05	0.73971
1.98	0.75131
1.92	0.75728
2.07	0.7382
1.98	0.75162
1.87	0.76274
1.9	0.7609
1.88	0.76511
1.95	0.75632
1.97	0.75134
2.21	0.71631
1.86	0.76218
1.91	0.75695
1.84	0.74688
1.91	0.7633
2.01	0.75074
2.08	0.75863
2.07	0.74527
1.96	0.75731
1.95	0.76013
2.05	0.7664
2.13	0.72935
2.02	0.75893
1.97	0.75974
2.09	0.74199
1.85	0.76695
1.97	0.76955
1.92	0.76212
2.0	0.75672
1.93	0.75603
1.93	0.75833
2.11	0.76452
2.35	0.7286
2.04	0.74488
1.88	0.75255
2.02	0.75894
1.92	0.74835
2.1	0.74279
1.74	0.76884
1.93	0.75424
2.05	0.75161
1.99	0.74777
1.86	0.76724
1.7	0.7788
2.04	0.74683
2.02	0.74844
1.89	0.76157
1.87	0.75876
2.2	0.74497
1.93	0.75478
2.39	0.73996
1.96	0.73828
1.79	0.75979
1.94	0.751
1.83	0.76303
1.95	0.74283
1.82	0.75402
1.88	0.75735
2.02	0.74231
2.12	0.71882
1.87	0.75596
2.14	0.73138
2.0	0.75623
1.81	0.76719
2.31	0.75771
1.84	0.76019
1.95	0.7466
1.81	0.76454
1.81	0.76216
1.99	0.74206
1.98	0.7514
2.15	0.73784
1.96	0.76175
1.79	0.76202
1.99	0.75173
1.86	0.76069
2.03	0.75567
2.16	0.74891
1.75	0.74698
1.85	0.76755
1.89	0.75864
2.17	0.76674
2.05	0.7457
2.08	0.75936
1.67	0.77637
1.93	0.74976
1.68	0.77849
1.86	0.75499
1.88	0.75219
2.05	0.75559
1.8	0.75918
1.94	0.74206
2.13	0.74879
2.58	0.70338
1.95	0.74366
2.18	0.73121
2.09	0.74509
2.01	0.75355
2.02	0.73108
1.99	0.75597
1.77	0.76061
2.0	0.75315
2.11	0.74007
1.76	0.76411
1.96	0.76914
1.93	0.74408
1.86	0.75402
1.95	0.74081
1.85	0.75019
2.32	0.71793
1.87	0.74769
2.32	0.72564
1.96	0.7552
2.01	0.75421
2.07	0.72562
2.12	0.74246
2.19	0.71841
2.15	0.73166
1.93	0.7396
2.0	0.7312
2.2	0.72396
1.99	0.75746
2.11	0.7399
1.89	0.74395
1.84	0.75175
2.17	0.73443
2.03	0.75638
1.75	0.75867
1.97	0.76193
1.75	0.75928
2.05	0.75182
2.07	0.74708
2.28	0.71534
1.99	0.75282
1.97	0.75715
1.91	0.74492
1.85	0.74904
2.09	0.75435
2.32	0.7463
1.94	0.7448
1.85	0.75355
1.84	0.75315
2.13	0.75741
2.3	0.71839
2.15	0.75436
1.97	0.75913
2.04	0.73254
1.74	0.7636
2.31	0.70314
2.61	0.67695
2.46	0.69777
2.43	0.69396
2.68	0.66817
2.6	0.67764
2.96	0.64356
2.7	0.6588
2.54	0.67418
2.66	0.67947
2.48	0.67692
2.23	0.7095
2.53	0.67214
2.49	0.68752
2.46	0.70162
2.63	0.66123
2.38	0.70033
2.46	0.69012
2.46	0.69402
2.55	0.67715
2.53	0.69079
2.65	0.66596
2.57	0.68937
2.43	0.69085
3.04	0.64302
2.34	0.69269
2.41	0.69463
2.63	0.68394
2.47	0.69037
2.48	0.68474
2.45	0.68117
2.41	0.69513
2.42	0.70405
2.78	0.63791
2.44	0.68569
2.59	0.66858
2.53	0.66228
2.38	0.69754
2.63	0.68921
2.31	0.70641
2.33	0.70082
2.35	0.69513
2.4	0.69717
2.53	0.67869
2.4	0.68303
2.67	0.68039
2.51	0.6892
2.28	0.70323
2.38	0.7045
2.2	0.71199
2.37	0.70592
2.73	0.67825
2.36	0.70318
2.35	0.70228
2.18	0.72474
2.56	0.69528
2.76	0.65628
2.36	0.71422
2.44	0.68587
2.59	0.67266
2.41	0.70047
1.83	0.75472
2.2	0.73186
2.17	0.73053
2.18	0.73068
2.21	0.72118
2.07	0.72415
2.51	0.6913
2.29	0.70161
2.08	0.72094
2.06	0.73053
2.14	0.71485
2.15	0.73145
2.12	0.72695
2.19	0.72808
2.17	0.73656
2.22	0.71263
1.93	0.73709
2.02	0.73955
2.03	0.7248
2.25	0.71832
2.09	0.73797
2.23	0.72095
2.02	0.73369
2.13	0.73337
2.6	0.68835
2.05	0.71895
1.99	0.73634
2.2	0.7286
2.0	0.73407
2.02	0.72924
2.04	0.72447
1.99	0.73977
2.1	0.73776
2.49	0.67093
2.1	0.7223
2.39	0.69188
2.05	0.71499
2.01	0.74754
2.19	0.72902
2.04	0.73584
2.11	0.73364
2.13	0.73165
1.96	0.74631
2.26	0.7105
2.17	0.72038
2.24	0.72114
2.17	0.73434
1.93	0.73979
1.88	0.74411
2.01	0.75822
2.13	0.73406
2.41	0.72058
2.13	0.73095
2.06	0.74912
1.86	0.75984
1.99	0.74011
2.37	0.69717
2.04	0.74843
2.02	0.74231
2.31	0.71256
1.87	0.75232
2.36	0.7113
2.47	0.69322
2.25	0.71293
2.52	0.71138
2.55	0.68258
2.59	0.69317
2.86	0.65555
2.68	0.68249
2.6	0.68563
2.62	0.692
2.32	0.69998
2.26	0.71394
2.38	0.68882
2.34	0.70401
2.29	0.71778
2.66	0.68059
2.47	0.71828
2.28	0.71129
2.4	0.7082
2.6	0.69803
2.62	0.69685
2.47	0.68528
2.62	0.69095
2.5	0.70525
2.79	0.66569
2.2	0.70847
2.32	0.70695
2.54	0.68617
2.58	0.69609
2.58	0.68648
2.53	0.68623
2.5	0.70292
2.31	0.70712
2.7	0.66456
2.28	0.70578
2.38	0.70036
2.5	0.67724
2.49	0.70841
2.71	0.69884
2.4	0.71881
2.19	0.7169
2.2	0.71465
2.26	0.70952
2.39	0.69899
2.35	0.70526
2.6	0.68173
2.51	0.70842
2.35	0.71364
2.37	0.71084
2.25	0.71335
2.31	0.72021
2.57	0.69971
2.07	0.71257
2.49	0.71384
2.14	0.72653
2.54	0.70999
2.57	0.67073
2.34	0.72339
2.3	0.70152
2.59	0.69045
2.23	0.71045
2.39	0.7008
2.59	0.6724
2.41	0.6855
2.3	0.67761
2.74	0.66542
2.59	0.67189
2.06	0.70388
2.81	0.64581
2.57	0.67443
2.45	0.67359
2.62	0.66229
2.3	0.70314
2.6	0.66599
2.52	0.67415
2.6	0.68943
2.72	0.6568
2.38	0.69009
2.56	0.68598
2.44	0.68227
2.73	0.66644
2.6	0.68993
2.72	0.65968
2.5	0.69093
2.55	0.6879
2.85	0.63518
2.47	0.67871
2.31	0.68544
2.65	0.68314
2.54	0.68535
2.49	0.68672
2.5	0.67999
2.46	0.69398
2.32	0.7001
2.94	0.62009
2.64	0.67485
2.64	0.65669
2.59	0.65777
2.49	0.69824
2.71	0.68425
2.44	0.69603
2.45	0.68845
2.47	0.68699
2.46	0.69304
2.7	0.66081
2.55	0.66816
2.71	0.68099
2.49	0.68085
2.39	0.69357
2.32	0.70105
2.25	0.71141
2.47	0.69222
2.57	0.66431
2.28	0.69416
2.32	0.70005
2.25	0.72069
2.53	0.68692
2.68	0.64945
2.43	0.70258
2.49	0.68567
2.64	0.66818
2.47	0.70127
2.07	0.73747
2.2	0.73569
2.12	0.73825
2.09	0.74474
2.3	0.72276
2.31	0.72608
2.57	0.68805
2.25	0.72396
2.2	0.71601
2.17	0.72463
2.06	0.73908
2.15	0.71594
2.01	0.73953
2.13	0.74003
2.22	0.74572
2.24	0.7252
2.09	0.74952
2.07	0.74383
2.11	0.74018
2.23	0.7338
2.28	0.71879
2.19	0.73139
2.71	0.70137
2.22	0.73072
2.56	0.71113
2.03	0.73879
2.09	0.73427
2.36	0.7065
2.18	0.72333
2.29	0.70187
2.19	0.71128
2.18	0.72495
2.22	0.72202
2.3	0.70602
2.03	0.74317
2.23	0.73213
2.09	0.7239
2.22	0.72969
2.35	0.71946
2.17	0.72825
2.04	0.74971
2.02	0.74943
2.11	0.74046
2.17	0.73668
2.1	0.74197
2.51	0.69554
2.06	0.73422
2.0	0.74277
2.23	0.73154
2.2	0.73018
2.19	0.73708
2.44	0.73265
2.06	0.72056
2.04	0.73893
2.11	0.74054
2.32	0.74058
2.23	0.70105
2.21	0.74301
2.05	0.73743
2.18	0.71195
2.03	0.74354
2.15	0.73839
2.28	0.71815
2.15	0.72896
2.18	0.7257
2.48	0.71001
2.45	0.71952
2.56	0.68587
2.42	0.70028
2.16	0.71283
2.47	0.71737
2.17	0.71082
2.17	0.72909
2.17	0.7181
2.23	0.72074
1.99	0.73052
2.43	0.70638
2.14	0.73546
2.07	0.73081
2.33	0.72534
2.27	0.71336
2.17	0.72598
2.3	0.70955
2.49	0.71793
2.16	0.72362
2.59	0.68503
2.05	0.71996
2.17	0.7289
2.27	0.71817
2.12	0.72305
2.19	0.72017
2.11	0.71638
2.04	0.73194
2.14	0.73336
2.61	0.67199
2.13	0.71787
2.26	0.70681
2.31	0.70553
2.07	0.73323
2.45	0.7251
2.05	0.73216
2.12	0.73102
2.05	0.72993
2.01	0.73352
2.24	0.7094
2.15	0.72148
2.51	0.71305
2.43	0.72368
1.97	0.73537
2.08	0.73618
2.06	0.74291
2.11	0.73333
2.36	0.71616
2.11	0.72797
1.99	0.74305
1.88	0.7539
2.43	0.73259
2.4	0.69333
1.96	0.74402
2.12	0.73001
2.23	0.70948
1.95	0.74129
1.94	0.73693
2.2	0.73427
2.17	0.73381
2.06	0.73952
2.21	0.71861
2.46	0.72162
2.6	0.67906
2.18	0.72151
2.19	0.70688
2.29	0.71873
2.03	0.73221
2.13	0.70938
2.02	0.73038
2.03	0.73818
2.1	0.74317
2.38	0.71974
2.07	0.74131
2.04	0.73667
2.17	0.72788
2.17	0.73003
2.24	0.71595
2.08	0.72922
2.6	0.70209
2.18	0.72379
2.53	0.6993
1.93	0.73835
2.02	0.73457
2.28	0.70211
2.15	0.71664
2.25	0.6971
2.22	0.69888
2.14	0.71795
2.15	0.71576
2.3	0.70058
2.05	0.73232
2.19	0.72622
2.04	0.71651
2.11	0.72671
2.54	0.71078
2.1	0.72736
2.04	0.74817
2.03	0.73706
1.92	0.74739
2.15	0.73087
2.13	0.73197
2.64	0.69075
2.21	0.72698
1.99	0.73433
2.13	0.72839
2.14	0.7328
2.17	0.73047
2.59	0.72942
2.19	0.72005
2.08	0.72999
1.98	0.74149
2.25	0.74027
2.45	0.69105
2.09	0.74012
2.03	0.73031
2.36	0.70171
1.94	0.7393
2.06	0.75269
2.06	0.75021
2.04	0.74583
2.07	0.74148
2.06	0.75254
2.24	0.75196
2.47	0.71999
2.18	0.7338
2.18	0.7423
2.14	0.75235
2.2	0.73292
2.06	0.74396
1.84	0.75319
2.11	0.73773
2.21	0.73869
2.12	0.74041
2.0	0.75396
1.83	0.7598
2.12	0.74333
2.13	0.73198
1.98	0.74972
1.99	0.74164
2.12	0.74218
1.96	0.75057
2.27	0.73646
2.24	0.72463
2.13	0.75408
2.03	0.74148
2.09	0.75405
2.11	0.73041
1.88	0.74854
2.03	0.75124
2.11	0.72951
2.39	0.7035
1.97	0.74102
2.16	0.72224
2.02	0.74849
1.93	0.75317
2.19	0.74646
1.91	0.75292
2.04	0.7306
1.96	0.75437
1.95	0.74535
2.06	0.73292
2.05	0.73743
2.25	0.73377
2.05	0.76006
2.07	0.75209
2.16	0.73928
1.98	0.75853
2.02	0.75096
2.45	0.73741
2.02	0.74619
1.96	0.75865
1.97	0.74897
2.39	0.74833
2.06	0.73818
2.14	0.75036
1.78	0.76235
2.05	0.75015
1.81	0.76205
2.01	0.74606
1.87	0.74979
2.01	0.74493
1.83	0.75508
1.97	0.73803
2.2	0.7393
2.57	0.69428
1.88	0.74873
2.28	0.71533
2.09	0.74043
2.02	0.75258
2.22	0.71415
2.01	0.75477
1.77	0.76158
1.92	0.74876
1.98	0.7324
1.94	0.75396
2.04	0.75678
2.06	0.74323
1.92	0.75046
2.06	0.72589
1.84	0.75217
2.41	0.7068
2.03	0.73155
2.26	0.72743
1.98	0.75459
2.01	0.75191
2.12	0.71238
2.15	0.73309
2.25	0.69987
2.3	0.71227
1.96	0.72486
2.13	0.70741
2.16	0.7346
2.03	0.75301
2.16	0.73727
2.03	0.74073
2.0	0.73243
2.25	0.7184
2.17	0.73637
1.77	0.75744
1.88	0.74788
1.82	0.75186
2.03	0.7573
2.11	0.74279
2.5	0.69299
1.97	0.74185
2.05	0.74839
2.16	0.72488
1.97	0.73371
2.14	0.74361
2.09	0.74557
2.09	0.72361
1.97	0.73553
1.98	0.73434
2.18	0.7514
2.36	0.70916
2.11	0.73739
1.86	0.74334
2.14	0.7176
1.86	0.74793
1.94	0.75648
1.98	0.75169
1.89	0.75811
1.88	0.76254
2.07	0.74233
2.15	0.75292
2.48	0.71353
2.08	0.74236
2.02	0.73609
2.14	0.74609
1.86	0.75657
2.04	0.73393
1.8	0.7604
1.89	0.75842
2.06	0.75233
2.26	0.73957
1.85	0.76699
1.75	0.77455
1.95	0.7462
1.87	0.75483
2.04	0.7403
1.97	0.74878
2.34	0.71882
2.0	0.7448
2.44	0.72894
1.84	0.75206
1.91	0.74965
2.14	0.72845
1.94	0.74753
2.11	0.72075
1.98	0.73349
2.0	0.74305
2.05	0.7344
2.07	0.72856
1.8	0.76409
2.07	0.74097
2.08	0.74737
1.95	0.74935
2.39	0.74127
1.87	0.75766
1.87	0.75429
1.81	0.76397
1.85	0.7581
1.93	0.75094
1.98	0.75466
2.36	0.71667
2.28	0.75213
1.81	0.76031
2.04	0.74204
2.01	0.74025
1.99	0.75511
2.32	0.75286
1.81	0.7407
1.84	0.75605
1.99	0.7448
2.15	0.76171
2.07	0.72854
2.04	0.7567
1.75	0.76505
2.13	0.73359
1.8	0.76384
2.21	0.70986
2.44	0.69401
2.24	0.72394
2.3	0.70954
2.51	0.69807
2.46	0.71287
2.64	0.68434
2.65	0.68629
2.22	0.71144
2.61	0.69862
2.31	0.70176
2.09	0.73267
2.33	0.70626
2.35	0.70051
2.35	0.70954
2.57	0.69289
2.19	0.72437
2.15	0.72343
2.54	0.70999
2.59	0.69753
2.28	0.71035
2.45	0.68642
2.46	0.71069
2.2	0.71929
2.67	0.687
2.24	0.70426
2.43	0.711
2.4	0.69794
2.25	0.7124
2.26	0.7104
2.11	0.71815
2.35	0.71976
2.21	0.71845
2.55	0.66784
2.22	0.71146
2.37	0.70215
2.26	0.69528
2.37	0.72035
2.54	0.7176
2.03	0.73639
2.25	0.70795
2.09	0.72813
2.21	0.71226
2.39	0.69814
2.28	0.71404
2.59	0.70408
2.5	0.71735
2.05	0.72902
2.25	0.71652
2.15	0.72368
2.19	0.73175
2.43	0.69767
1.9	0.73042
1.95	0.72695
2.11	0.73019
2.49	0.71775
2.38	0.70139
2.28	0.72975
2.14	0.71897
2.43	0.71249
2.1	0.72593
2.12	0.72818
2.18	0.70585
2.13	0.71699
1.86	0.71351
2.34	0.7037
2.25	0.69693
2.57	0.66656
2.45	0.68343
2.32	0.69697
2.04	0.7009
2.24	0.69966
2.09	0.71964
2.35	0.70395
2.2	0.71461
2.29	0.72132
2.34	0.69528
2.03	0.72116
2.28	0.71147
2.06	0.71911
2.33	0.70321
2.31	0.71637
2.37	0.7025
2.28	0.70776
2.23	0.71756
2.71	0.67115
2.12	0.71007
1.92	0.71616
2.16	0.70622
2.2	0.7077
2.13	0.7115
2.24	0.70437
2.12	0.72189
2.11	0.7198
2.63	0.65953
2.2	0.70903
2.42	0.68903
2.26	0.69614
2.27	0.72202
2.35	0.71079
2.25	0.71394
2.18	0.72497
2.23	0.71796
2.18	0.7248
2.34	0.70104
2.36	0.70411
2.48	0.70083
2.13	0.71194
2.1	0.7253
1.97	0.72758
1.96	0.73512
2.36	0.71219
2.19	0.69946
2.12	0.71075
2.11	0.72499
2.01	0.73991
2.23	0.7171
2.31	0.6786
2.18	0.72573
2.2	0.71417
2.25	0.69283
2.22	0.72581
1.84	0.75708
1.87	0.75419
1.9	0.74884
1.93	0.74334
1.85	0.75639
2.06	0.76201
2.36	0.73147
1.96	0.73967
2.04	0.75441
2.01	0.75759
2.13	0.738
1.86	0.75158
1.83	0.76376
1.85	0.73992
2.01	0.73993
2.06	0.7443
1.85	0.75653
1.75	0.76818
1.85	0.74567
1.91	0.73642
1.84	0.75843
1.9	0.74577
2.09	0.75563
1.81	0.76091
2.16	0.74589
2.17	0.72749
2.0	0.76029
1.88	0.74922
1.98	0.76523
2.02	0.74065
1.74	0.76195
1.8	0.75754
1.97	0.73684
2.31	0.70842
2.09	0.74558
2.03	0.72588
1.83	0.75281
1.76	0.76497
2.17	0.74958
1.79	0.76461
1.96	0.73481
1.78	0.76056
1.8	0.75558
2.0	0.73417
2.09	0.74459
2.22	0.73708
1.85	0.76415
1.95	0.76274
1.83	0.74606
1.77	0.76666
2.08	0.75789
2.04	0.74198
1.91	0.7555
1.66	0.76635
1.84	0.75658
2.14	0.75591
2.06	0.7456
2.07	0.75348
1.77	0.77337
1.89	0.75793
1.66	0.77407
1.81	0.75821
1.92	0.74389
2.13	0.74253
2.14	0.74002
2.13	0.74129
2.06	0.73671
2.49	0.70593
2.19	0.72603
2.07	0.72836
1.99	0.74517
2.18	0.72472
1.9	0.7418
2.09	0.73822
1.93	0.73792
2.15	0.74212
2.17	0.72777
1.9	0.74749
1.97	0.75186
2.01	0.73266
2.24	0.72915
2.09	0.74456
1.96	0.73337
2.06	0.73087
2.12	0.74332
2.51	0.71978
2.01	0.72866
1.93	0.75238
2.16	0.73921
2.0	0.74231
2.11	0.7255
2.06	0.73227
2.03	0.74419
2.17	0.73288
2.42	0.68839
2.14	0.73243
2.27	0.71286
1.92	0.73538
2.01	0.75074
2.24	0.7363
2.0	0.74707
2.14	0.73326
2.09	0.74368
1.99	0.7436
2.14	0.73202
2.17	0.72732
2.29	0.72754
2.11	0.75168
1.95	0.74521
1.93	0.74123
1.97	0.76322
2.08	0.74661
1.97	0.72994
2.12	0.74672
1.87	0.74935
1.95	0.75111
2.3	0.74191
2.25	0.72007
2.0	0.75619
2.01	0.74881
2.23	0.73571
1.93	0.76122
2.39	0.69963
2.5	0.67062
2.4	0.6966
2.32	0.68758
2.57	0.67343
2.63	0.67065
1.82	0.72762
2.68	0.6512
2.44	0.67788
2.35	0.67023
2.53	0.67267
2.23	0.70604
2.53	0.67101
2.5	0.68407
2.51	0.69113
2.56	0.66785
2.22	0.69913
2.48	0.68458
2.29	0.68917
2.54	0.67379
2.42	0.69685
2.74	0.66699
2.63	0.68701
2.44	0.69759
2.89	0.64144
2.43	0.68296
2.21	0.68366
2.6	0.68545
2.45	0.68299
2.37	0.7002
2.36	0.6892
2.29	0.70153
2.45	0.70788
2.85	0.62696
2.46	0.68398
2.64	0.6667
2.51	0.66737
2.42	0.70227
2.39	0.69476
2.38	0.69573
2.48	0.69549
2.44	0.69482
2.36	0.69088
2.53	0.67169
2.52	0.68
2.55	0.68919
2.14	0.68902
2.27	0.7022
2.32	0.70442
2.33	0.7137
2.46	0.69631
2.43	0.66856
2.22	0.69635
2.2	0.70214
2.21	0.71655
2.4	0.68843
2.63	0.66246
2.41	0.70493
2.5	0.68808
2.55	0.67174
2.42	0.69884
2.08	0.74514
2.07	0.7492
2.09	0.73924
2.03	0.75021
2.09	0.73398
2.16	0.73328
2.53	0.68824
2.0	0.74529
2.15	0.71078
2.06	0.73039
1.95	0.74043
2.28	0.7146
1.87	0.74734
2.0	0.75465
2.09	0.74137
2.1	0.7264
2.07	0.74517
1.91	0.7502
1.97	0.73317
2.05	0.74265
2.16	0.72363
1.94	0.74494
2.34	0.70667
2.13	0.72487
2.46	0.71974
1.86	0.74721
1.71	0.74452
2.19	0.7126
2.05	0.72857
2.24	0.69707
2.16	0.70506
2.11	0.7196
2.33	0.70397
2.28	0.72404
1.98	0.73752
2.1	0.73197
2.14	0.73141
2.07	0.72905
2.54	0.71249
2.02	0.73524
1.9	0.74804
1.99	0.73774
1.9	0.75126
1.93	0.74557
2.05	0.73555
2.42	0.69373
2.12	0.73418
1.94	0.73828
2.17	0.72116
2.13	0.73332
2.1	0.73696
2.26	0.73958
2.13	0.72392
2.17	0.72979
2.05	0.73204
1.94	0.74569
2.31	0.70512
2.17	0.73496
1.93	0.74008
2.26	0.71174
1.93	0.74158
1.91	0.75854
1.92	0.75655
2.03	0.7399
1.95	0.74836
2.07	0.74743
2.0	0.7519
2.65	0.70151
2.11	0.741
2.22	0.72328
1.97	0.75426
2.06	0.74293
2.16	0.72013
1.96	0.75908
1.83	0.75162
2.14	0.74665
2.13	0.7348
1.92	0.75456
1.92	0.76776
2.08	0.74059
1.96	0.74398
1.94	0.74105
1.84	0.75126
2.1	0.73379
1.94	0.73979
2.21	0.7298
2.1	0.73586
1.97	0.7552
2.09	0.72838
2.06	0.74567
2.26	0.71149
2.19	0.72707
2.16	0.732
2.16	0.71289
2.21	0.72031
2.05	0.7471
2.13	0.72282
1.97	0.74627
2.06	0.75037
2.28	0.72918
2.09	0.74501
2.08	0.74544
2.07	0.74768
1.8	0.75347
2.12	0.74086
2.17	0.7331
2.36	0.71044
2.08	0.75207
2.05	0.7462
2.11	0.73209
1.87	0.74561
2.17	0.74224
2.2	0.74629
2.22	0.73254
1.98	0.74526
1.96	0.7379
2.0	0.75596
2.26	0.72212
2.24	0.74128
1.94	0.75834
2.21	0.73206
1.98	0.75887
2.02	0.75223
1.73	0.76525
2.03	0.74653
1.88	0.75727
2.09	0.75775
2.01	0.75948
2.37	0.71776
2.09	0.75799
2.01	0.73236
1.95	0.75742
2.09	0.75402
2.12	0.71895
1.7	0.77043
1.76	0.75794
2.27	0.74256
2.12	0.75013
1.89	0.75556
1.75	0.77009
2.14	0.74517
2.02	0.75525
1.99	0.7404
1.78	0.76673
2.21	0.72414
2.16	0.73972
2.21	0.74442
1.94	0.73972
2.08	0.75272
2.01	0.73249
2.1	0.7507
2.29	0.7102
1.95	0.73189
2.16	0.7349
2.15	0.71436
2.16	0.73776
1.85	0.75533
2.04	0.74113
1.87	0.75362
2.09	0.74648
2.31	0.73233
1.93	0.74637
1.92	0.7459
1.85	0.75583
1.85	0.75365
1.91	0.74921
1.95	0.7511
2.43	0.7112
2.15	0.75396
2.09	0.74865
2.0	0.72888
1.99	0.73689
2.05	0.74688
2.18	0.75559
2.1	0.72901
1.93	0.74871
2.05	0.73239
2.06	0.75882
2.06	0.73673
2.13	0.73791
1.7	0.76783
2.23	0.73755
1.79	0.75819
2.0	0.76077
1.84	0.75122
2.15	0.73868
2.05	0.75026
1.96	0.73369
2.26	0.73496
2.73	0.68177
2.17	0.73509
2.3	0.70782
2.09	0.73531
2.04	0.74237
2.29	0.71551
2.04	0.74357
1.96	0.76252
1.96	0.7533
2.19	0.7304
2.08	0.74778
2.04	0.7492
1.95	0.73725
2.06	0.75055
2.17	0.73495
2.01	0.75386
2.17	0.72123
2.1	0.73992
2.38	0.70056
1.95	0.75037
2.01	0.74675
2.08	0.71939
2.17	0.72841
2.27	0.7126
2.27	0.71056
2.2	0.72933
2.22	0.72274
2.28	0.70912
2.07	0.73975
2.25	0.72011
2.13	0.73421
2.04	0.74685
2.23	0.71583
2.15	0.73465
1.9	0.7638
2.09	0.73871
1.67	0.76674
2.16	0.73616
2.18	0.72922
2.3	0.70215
2.19	0.73701
2.04	0.74351
1.89	0.74224
1.85	0.74819
2.23	0.7289
2.22	0.73915
2.24	0.72715
2.09	0.7419
2.06	0.75101
1.97	0.75365
2.45	0.69343
2.18	0.74373
2.02	0.74464
2.35	0.70903
2.0	0.75298
1.78	0.76527
1.84	0.76001
1.86	0.75819
1.82	0.76051
2.01	0.75665
2.02	0.75964
2.42	0.72393
2.05	0.7506
2.11	0.7462
2.08	0.76025
2.05	0.75289
1.92	0.74447
1.94	0.76713
1.82	0.75799
2.08	0.75645
2.17	0.75181
1.8	0.76593
1.74	0.7725
1.82	0.75114
1.81	0.75247
1.85	0.75651
1.83	0.75496
2.28	0.7381
1.85	0.75517
2.13	0.73874
2.06	0.74615
1.96	0.76355
1.92	0.74534
2.02	0.75918
2.08	0.73461
2.05	0.7503
1.96	0.75691
1.93	0.74172
2.26	0.72001
2.01	0.75964
2.02	0.7308
1.81	0.75547
1.76	0.76444
2.11	0.74935
2.03	0.76374
1.84	0.75164
1.77	0.76534
1.74	0.76261
2.12	0.74885
1.98	0.75184
2.22	0.7315
2.03	0.76428
1.94	0.76702
1.88	0.75181
1.8	0.76058
2.08	0.7608
2.19	0.75312
1.94	0.75216
1.78	0.76743
1.83	0.75871
2.03	0.76457
2.0	0.7364
2.07	0.7619
1.79	0.7715
1.98	0.74659
1.67	0.77467
2.17	0.71765
2.27	0.72713
2.39	0.70246
2.29	0.71875
2.29	0.716
2.48	0.70496
2.7	0.66892
2.31	0.71621
2.39	0.6916
2.24	0.71272
2.23	0.7171
2.48	0.68189
2.12	0.73082
2.23	0.72348
2.45	0.70795
2.29	0.71406
2.34	0.71557
2.29	0.72045
2.32	0.70731
2.26	0.71594
2.42	0.70016
2.2	0.72942
2.59	0.68485
2.33	0.70628
2.7	0.69837
2.29	0.70557
2.22	0.71103
2.45	0.69126
2.33	0.70412
2.48	0.67498
2.36	0.68704
2.37	0.69561
2.49	0.68309
2.46	0.69098
2.29	0.71271
2.29	0.70805
2.22	0.71661
2.34	0.70523
2.56	0.69178
2.39	0.69655
2.2	0.72102
2.28	0.71385
2.25	0.719
2.34	0.71542
2.25	0.70956
2.66	0.6697
2.37	0.7135
2.27	0.70913
2.39	0.69617
2.32	0.70524
2.26	0.71018
2.34	0.70898
2.29	0.68644
2.28	0.70744
2.34	0.70123
2.52	0.71449
2.32	0.68678
2.39	0.70388
2.15	0.72273
2.42	0.69234
2.23	0.71844
2.09	0.75712
2.13	0.74896
2.13	0.74001
2.1	0.74712
1.94	0.74536
2.16	0.73897
2.37	0.70358
2.2	0.73795
2.18	0.72309
1.85	0.74049
2.11	0.73492
2.28	0.71946
1.96	0.75333
2.06	0.75112
2.04	0.74239
2.16	0.73952
2.17	0.74743
1.97	0.75726
2.1	0.73211
2.23	0.741
2.02	0.73959
2.06	0.75138
2.28	0.72178
2.24	0.73371
2.33	0.71635
2.08	0.73359
1.83	0.74465
2.16	0.73426
2.08	0.73816
2.19	0.72424
2.13	0.72563
1.96	0.7393
2.21	0.72757
2.37	0.70283
2.09	0.73955
2.28	0.71281
2.16	0.73737
2.12	0.74677
2.08	0.73373
2.11	0.7386
2.09	0.74262
2.09	0.74179
2.02	0.75312
1.99	0.73284
2.18	0.73227
2.15	0.7182
2.18	0.74618
2.01	0.74553
2.02	0.73748
2.1	0.74625
2.26	0.73429
1.94	0.73842
2.03	0.72709
2.1	0.74602
2.09	0.74516
2.12	0.75208
2.28	0.71157
2.17	0.74047
1.95	0.75536
2.26	0.7209
1.95	0.75546
2.07	0.73223
2.15	0.72292
2.04	0.73585
1.97	0.74536
2.4	0.71196
2.28	0.72209
2.64	0.67877
2.2	0.71459
2.43	0.70741
2.34	0.71818
2.19	0.73636
2.17	0.71866
2.05	0.72436
1.99	0.73907
2.06	0.74063
2.32	0.71362
1.99	0.74238
2.06	0.73503
1.99	0.73382
2.06	0.73281
2.23	0.71375
2.12	0.72165
2.45	0.69998
2.12	0.7212
2.56	0.69067
2.12	0.74002
2.27	0.72791
2.31	0.70576
2.35	0.7185
2.37	0.70149
2.18	0.70852
2.12	0.72135
2.08	0.72387
2.4	0.70322
1.99	0.73752
2.13	0.72704
2.18	0.71077
2.08	0.72742
2.34	0.71663
2.04	0.73551
1.86	0.74985
1.96	0.74085
1.96	0.74087
2.06	0.72862
2.05	0.7379
2.58	0.69522
2.23	0.72711
2.14	0.74142
2.07	0.73198
2.09	0.72682
2.06	0.73781
2.41	0.72804
2.17	0.72351
2.06	0.73402
1.97	0.74336
2.23	0.7368
2.35	0.69359
2.13	0.73895
2.02	0.72994
2.3	0.70542
2.02	0.73437
2.28	0.73008
2.45	0.70481
2.33	0.71456
2.46	0.69823
2.15	0.72306
2.38	0.72528
2.52	0.70878
2.63	0.67857
2.16	0.72994
2.03	0.72197
2.5	0.68303
2.16	0.74103
2.26	0.71264
2.49	0.69285
2.39	0.69768
2.27	0.70417
2.34	0.71916
2.21	0.7284
2.29	0.70585
2.57	0.69077
2.23	0.74032
2.46	0.69648
2.24	0.74584
2.31	0.72555
2.35	0.6941
2.45	0.67781
2.03	0.71806
2.03	0.73967
2.13	0.73695
2.14	0.73574
2.04	0.74471
2.14	0.74475
2.24	0.72794
2.75	0.64587
2.37	0.70158
2.6	0.66834
2.32	0.71625
2.19	0.74096
2.1	0.7397
2.17	0.73673
2.49	0.68711
2.27	0.72008
2.32	0.71545
2.34	0.68513
2.42	0.6933
2.11	0.73931
1.98	0.72534
2.15	0.72909
2.14	0.72445
2.14	0.74747
2.08	0.72625
2.06	0.69139
2.0	0.73581
2.18	0.74418
2.01	0.73949
2.22	0.71429
2.27	0.71763
2.3	0.72882
2.09	0.74067
2.04	0.73468
2.03	0.74835
2.22	0.71293
2.54	0.68993
2.35	0.7096
2.42	0.70015
2.45	0.69708
2.47	0.7009
2.61	0.68214
2.57	0.66915
2.27	0.70618
2.56	0.69295
2.4	0.68608
2.3	0.72057
2.29	0.69639
2.41	0.69406
2.48	0.69777
2.4	0.69374
2.15	0.71451
2.3	0.71006
2.18	0.70287
2.39	0.69069
2.36	0.71155
2.48	0.6832
2.49	0.70433
2.29	0.71618
2.74	0.67393
2.29	0.69201
2.34	0.69665
2.41	0.70445
2.31	0.70662
2.22	0.71376
2.17	0.71401
2.19	0.72015
2.29	0.72092
2.7	0.64358
2.33	0.69776
2.47	0.68581
2.47	0.69329
2.24	0.72015
2.38	0.7148
2.21	0.71699
2.3	0.70187
2.21	0.71581
2.28	0.70863
2.47	0.68459
2.36	0.69795
2.42	0.70639
2.4	0.70766
2.11	0.72176
2.2	0.7187
2.28	0.72462
2.28	0.71555
2.79	0.69053
2.09	0.71171
2.11	0.7258
2.11	0.73132
2.51	0.70831
2.51	0.68512
2.21	0.72219
2.2	0.71528
2.35	0.70244
2.13	0.72528
2.03	0.74241
1.95	0.7572
2.15	0.73146
1.97	0.75185
2.19	0.73649
2.17	0.72632
2.59	0.6832
2.13	0.74936
2.33	0.70583
2.12	0.73688
1.99	0.75171
2.36	0.69846
1.94	0.75349
1.91	0.75987
2.07	0.74573
2.19	0.73324
2.04	0.7435
2.05	0.74873
2.12	0.73505
2.18	0.7419
2.21	0.71978
1.92	0.76133
2.39	0.69437
2.2	0.7193
2.18	0.72303
2.11	0.73808
2.1	0.74411
2.25	0.7103
2.2	0.72488
2.43	0.68809
2.36	0.69688
2.31	0.71144
2.34	0.6977
2.19	0.73618
2.05	0.74758
2.15	0.73155
2.09	0.73901
2.24	0.72175
2.37	0.70581
2.24	0.71878
1.98	0.7509
2.06	0.73787
1.99	0.74622
2.03	0.75024
2.1	0.73632
2.53	0.68155
2.14	0.73556
2.13	0.73147
2.22	0.71804
2.17	0.72443
2.23	0.72665
2.23	0.73978
2.33	0.71034
2.16	0.72546
2.21	0.72137
2.11	0.74047
2.31	0.70338
2.26	0.72714
2.03	0.7402
2.32	0.70488
2.06	0.7383
2.0	0.76153
1.99	0.74798
1.95	0.75075
1.97	0.74714
1.96	0.75102
2.0	0.75202
2.4	0.7188
2.11	0.73098
1.97	0.74322
1.85	0.74732
2.0	0.73755
2.03	0.75166
1.84	0.7567
1.95	0.74753
2.07	0.74281
2.01	0.73953
1.92	0.75552
1.81	0.76669
2.03	0.74385
2.04	0.74089
1.91	0.75594
1.95	0.74754
2.16	0.74836
1.9	0.75508
2.4	0.7293
1.98	0.73554
1.8	0.75321
1.98	0.74642
1.9	0.75534
1.96	0.73998
1.86	0.75217
1.88	0.75639
2.01	0.73787
2.4	0.70679
1.93	0.74659
2.13	0.72009
2.03	0.74986
1.84	0.76131
2.16	0.74628
1.84	0.76322
1.94	0.74446
1.87	0.75635
1.8	0.76186
2.05	0.73436
2.0	0.73636
2.15	0.73538
1.99	0.75523
1.81	0.76208
1.96	0.74921
1.86	0.76086
2.0	0.75055
2.3	0.74024
1.73	0.751
1.86	0.76185
1.88	0.75811
2.2	0.75699
2.07	0.73082
2.04	0.75265
1.72	0.76886
2.06	0.74266
1.75	0.76965
2.0	0.75697
2.05	0.74729
2.01	0.74979
2.05	0.74526
1.99	0.74888
2.22	0.75064
2.36	0.7166
2.08	0.73383
1.93	0.74081
1.91	0.75109
2.06	0.73461
2.04	0.74282
1.94	0.75119
2.05	0.74348
1.94	0.74194
2.12	0.73558
1.96	0.75831
1.81	0.76176
2.16	0.73568
2.0	0.73572
2.01	0.75117
2.09	0.73798
2.13	0.7331
1.97	0.7466
2.38	0.73025
1.98	0.72981
2.09	0.75512
2.08	0.74171
2.08	0.7517
2.03	0.73325
1.9	0.7435
1.91	0.74831
2.11	0.73512
2.4	0.70183
1.98	0.74613
2.2	0.71414
2.02	0.74664
1.89	0.75654
2.14	0.74672
1.87	0.75394
2.1	0.7324
1.93	0.75493
2.03	0.74417
2.08	0.73439
2.03	0.73815
2.22	0.73396
2.04	0.75852
2.04	0.7528
2.11	0.74151
1.94	0.75918
1.99	0.75358
2.28	0.73751
2.04	0.74766
1.96	0.7587
1.92	0.7489
2.1	0.74987
2.09	0.73475
2.0	0.75451
1.85	0.76109
2.12	0.7444
1.82	0.76814
1.87	0.75596
1.93	0.7493
1.91	0.74547
1.91	0.74662
2.1	0.7468
2.13	0.74966
2.3	0.71389
2.17	0.7363
2.03	0.73538
2.18	0.75047
2.13	0.7373
1.99	0.73257
2.0	0.75558
1.92	0.74323
2.19	0.7416
2.14	0.73605
1.84	0.75542
1.84	0.76586
2.03	0.73471
2.16	0.73879
2.09	0.74414
1.94	0.74132
2.25	0.72626
2.1	0.74135
2.19	0.73069
2.04	0.73103
1.73	0.74991
2.14	0.73415
1.98	0.74646
2.09	0.72399
2.01	0.73547
2.07	0.74258
2.25	0.72909
2.26	0.70694
2.07	0.74768
2.25	0.72037
1.9	0.74632
2.01	0.75063
2.23	0.74322
1.96	0.75224
2.17	0.73406
1.98	0.75128
2.02	0.74499
2.11	0.7391
2.12	0.73781
2.33	0.72383
2.1	0.75272
1.94	0.74887
2.18	0.73569
1.87	0.74879
2.1	0.75343
1.7	0.73617
1.89	0.74052
1.89	0.75145
2.05	0.74208
2.02	0.74849
1.97	0.73282
2.15	0.75056
1.73	0.76072
2.17	0.73976
1.94	0.76277
2.01	0.73366
2.33	0.7147
2.3	0.71391
2.25	0.72334
2.39	0.69433
2.45	0.69933
2.76	0.65779
2.42	0.68623
2.37	0.68687
2.29	0.70359
2.28	0.70917
2.36	0.70663
2.3	0.70516
2.23	0.72347
2.23	0.72744
2.34	0.69371
2.06	0.7221
2.31	0.71345
2.11	0.71515
2.31	0.70896
2.33	0.70812
2.33	0.70702
2.47	0.69993
2.29	0.70923
2.8	0.66003
2.08	0.71844
2.0	0.71245
2.45	0.6974
2.28	0.70321
2.28	0.69849
2.32	0.69044
2.22	0.71101
2.26	0.71869
2.56	0.66251
2.28	0.7116
2.39	0.69372
2.41	0.69298
2.2	0.71932
2.49	0.69776
2.23	0.71069
2.09	0.73829
2.25	0.71552
2.13	0.73453
2.32	0.70228
2.27	0.7097
2.54	0.68683
2.34	0.70764
2.11	0.72011
2.01	0.72847
2.18	0.7305
2.28	0.71529
2.53	0.70449
2.18	0.70619
2.24	0.72469
1.98	0.74493
2.17	0.72163
2.63	0.66594
2.17	0.7303
2.25	0.71485
2.53	0.68004
2.18	0.72581
1.84	0.7521
1.87	0.74936
2.01	0.74888
1.99	0.75358
1.94	0.74233
2.12	0.74203
2.68	0.70197
1.99	0.75106
2.11	0.72208
2.0	0.74485
2.01	0.74103
1.99	0.72873
1.94	0.74849
1.97	0.75386
1.92	0.75026
2.21	0.73168
1.97	0.75734
1.9	0.75512
1.99	0.74275
2.07	0.7467
2.11	0.73633
2.03	0.74428
2.27	0.71939
2.11	0.73747
2.25	0.72905
1.9	0.74762
1.92	0.75902
2.13	0.72803
1.97	0.74154
2.21	0.71275
2.12	0.71999
2.06	0.73684
2.1	0.71611
2.13	0.72178
1.98	0.7466
2.1	0.7293
1.95	0.73408
2.03	0.74209
2.07	0.73089
1.97	0.74839
1.97	0.74766
1.99	0.74767
1.98	0.74945
1.78	0.75206
2.02	0.74077
2.19	0.7131
1.89	0.7514
1.93	0.74836
2.15	0.73386
1.82	0.74943
1.96	0.75085
2.01	0.74997
2.07	0.73812
2.04	0.7433
2.03	0.74438
2.11	0.75165
2.06	0.71517
2.03	0.74826
1.97	0.74539
2.07	0.72884
1.8	0.74999
2.36	0.72307
2.54	0.6912
2.74	0.68048
2.64	0.68592
2.67	0.68377
2.72	0.67318
3.34	0.63891
2.9	0.65793
2.85	0.65941
2.8	0.68353
2.75	0.67005
2.7	0.67303
2.66	0.68027
2.45	0.69247
2.76	0.69122
2.71	0.67359
2.66	0.68794
2.64	0.69855
2.8	0.6743
2.57	0.68457
2.4	0.70178
2.44	0.68819
2.5	0.69101
2.42	0.69774
3.03	0.6383
2.72	0.67666
2.84	0.68713
2.6	0.68634
2.78	0.67527
2.45	0.68838
2.68	0.67753
2.5	0.69042
2.49	0.687
3.09	0.62898
2.76	0.67466
2.91	0.64603
2.58	0.67869
2.28	0.71488
2.88	0.67372
2.79	0.68243
2.4	0.69626
2.74	0.68189
2.22	0.71297
2.95	0.66133
2.9	0.66347
2.82	0.67636
2.77	0.6875
2.67	0.68769
2.39	0.70201
2.33	0.71528
2.93	0.67301
2.91	0.67335
2.69	0.6767
2.51	0.69498
2.37	0.70651
2.6	0.6943
2.98	0.64132
2.69	0.6897
2.52	0.69837
2.77	0.65974
2.36	0.70545
2.45	0.68921
2.65	0.67435
2.42	0.70522
2.37	0.69215
2.69	0.67589
2.68	0.6923
2.89	0.66438
2.85	0.66572
2.46	0.6918
2.79	0.67676
2.55	0.68408
2.21	0.71535
2.53	0.68503
2.62	0.68369
2.61	0.68989
2.76	0.67248
2.25	0.70626
2.4	0.70018
2.72	0.69415
2.76	0.67908
2.74	0.69259
2.76	0.66704
2.73	0.6901
2.6	0.6985
2.88	0.66588
2.4	0.68705
2.67	0.69148
2.72	0.68361
2.51	0.69277
2.52	0.69137
2.35	0.69633
2.57	0.70058
2.46	0.70443
2.75	0.64807
2.48	0.6956
2.52	0.68607
2.49	0.67401
2.6	0.69851
2.78	0.70072
2.27	0.71638
2.43	0.69093
2.36	0.71001
2.43	0.69369
2.56	0.67992
2.45	0.69313
2.81	0.68641
2.58	0.69309
2.27	0.70811
2.32	0.70046
2.39	0.70054
2.37	0.71401
2.62	0.67774
2.12	0.71109
2.26	0.70829
2.27	0.71408
2.7	0.6983
2.64	0.68045
2.29	0.70977
2.45	0.70059
2.64	0.69222
2.4	0.70486
2.29	0.71726
2.41	0.69043
2.35	0.69727
2.32	0.70419
2.54	0.66872
2.67	0.6782
3.0	0.63281
2.49	0.66751
2.65	0.67066
2.59	0.68567
2.46	0.69044
2.39	0.69546
2.63	0.67769
2.26	0.70183
2.22	0.71989
2.5	0.66492
2.31	0.70495
2.53	0.6958
2.36	0.7002
2.38	0.68824
2.46	0.68941
2.43	0.6797
2.67	0.68782
2.35	0.68977
2.88	0.6345
2.29	0.70885
2.43	0.70168
2.52	0.68116
2.56	0.69006
2.65	0.68179
2.63	0.67069
2.33	0.69302
2.25	0.70127
2.74	0.64775
2.49	0.6906
2.56	0.67294
2.57	0.66556
2.28	0.70154
2.59	0.68129
2.45	0.70011
2.07	0.71995
2.45	0.69521
2.18	0.71547
2.52	0.68454
2.44	0.69201
2.66	0.66955
2.47	0.69173
2.35	0.70635
2.29	0.71319
2.18	0.71599
2.43	0.69882
2.52	0.68612
2.5	0.69599
2.25	0.70515
2.03	0.73412
2.56	0.70579
2.77	0.64405
2.36	0.7171
2.55	0.68614
2.59	0.66039
2.43	0.70639
1.85	0.76395
2.06	0.7363
2.02	0.74003
2.02	0.73789
2.08	0.72665
2.3	0.73195
2.59	0.69378
2.18	0.70972
2.2	0.72479
2.08	0.74496
2.25	0.71796
1.95	0.74752
2.19	0.7251
2.05	0.73479
2.05	0.74846
2.15	0.71152
2.0	0.74505
1.92	0.74262
2.08	0.73672
2.13	0.72298
1.97	0.74805
2.1	0.72527
2.05	0.74101
2.02	0.73575
2.55	0.6944
2.15	0.7261
2.03	0.75167
2.0	0.74094
2.06	0.74611
1.93	0.73271
1.96	0.73064
1.87	0.74702
1.98	0.74032
2.52	0.67949
2.06	0.7278
2.28	0.69676
2.12	0.72114
1.86	0.75074
2.11	0.7406
1.9	0.7448
2.0	0.73478
2.02	0.73591
1.96	0.74401
2.14	0.71963
2.08	0.72473
2.19	0.73158
2.07	0.74604
2.02	0.74822
1.96	0.75043
1.8	0.76919
1.97	0.74419
2.26	0.72995
2.03	0.74313
1.91	0.75668
1.72	0.76754
2.1	0.74364
2.22	0.70898
1.92	0.75714
1.94	0.74135
2.15	0.72407
1.77	0.75702
2.35	0.70407
2.52	0.68431
2.41	0.70719
2.25	0.69985
2.54	0.68273
2.44	0.6905
2.81	0.66238
2.57	0.67138
2.46	0.69116
2.45	0.68658
2.37	0.68844
2.22	0.71279
2.43	0.6881
2.29	0.69286
2.44	0.70048
2.48	0.6784
2.15	0.71111
2.41	0.69978
2.22	0.69977
2.46	0.68635
2.54	0.69736
2.61	0.67531
2.61	0.69354
2.4	0.70363
2.79	0.66101
2.34	0.69514
2.14	0.69785
2.61	0.6876
2.43	0.69879
2.44	0.69312
2.35	0.69569
2.37	0.70386
2.45	0.70825
2.73	0.64898
2.47	0.69718
2.51	0.68229
2.44	0.67891
2.39	0.70538
2.61	0.69871
2.29	0.71139
2.42	0.70396
2.36	0.70992
2.39	0.70114
2.42	0.68759
2.35	0.69523
2.63	0.68899
2.41	0.70107
2.2	0.71469
2.19	0.70753
2.31	0.71476
2.33	0.71509
2.34	0.68335
2.24	0.70611
2.24	0.71481
2.15	0.72365
2.4	0.70255
2.67	0.6745
2.33	0.71701
2.45	0.70116
2.48	0.68802
2.37	0.71114
2.13	0.74577
2.12	0.73164
2.0	0.74297
2.07	0.73604
2.35	0.73134
2.24	0.74003
2.51	0.70767
2.42	0.71792
2.06	0.7334
2.47	0.73247
2.09	0.72657
2.02	0.74119
1.97	0.73759
2.08	0.73096
2.21	0.73
2.35	0.72567
1.97	0.75035
1.93	0.75159
2.05	0.732
2.25	0.72853
2.07	0.73946
2.12	0.72577
2.3	0.72914
2.02	0.74192
2.52	0.71529
2.03	0.72596
2.0	0.73733
2.15	0.73088
2.03	0.74071
2.09	0.72617
1.96	0.7381
2.01	0.74319
2.04	0.73533
2.33	0.69151
2.01	0.73646
2.21	0.72008
2.2	0.72975
1.96	0.74842
2.43	0.73805
1.91	0.75315
2.04	0.73179
1.91	0.75029
1.98	0.7414
2.11	0.72378
2.13	0.73265
2.48	0.72668
2.34	0.74251
1.92	0.74676
1.96	0.74071
1.96	0.74862
2.08	0.74887
2.29	0.72932
1.79	0.74478
1.87	0.75224
1.96	0.75008
2.29	0.74179
2.17	0.71833
2.15	0.74939
1.87	0.75255
2.26	0.73568
1.86	0.75572
1.96	0.75004
2.14	0.72419
2.09	0.7322
2.15	0.72081
2.09	0.73171
2.32	0.73435
2.51	0.70724
2.26	0.70556
2.13	0.73329
2.05	0.74325
2.37	0.69904
1.94	0.75198
2.22	0.71852
2.19	0.71484
2.14	0.73014
2.22	0.71021
2.06	0.73471
2.13	0.74
2.16	0.72305
2.39	0.70708
1.9	0.74844
2.21	0.70992
2.04	0.75071
2.03	0.7297
2.34	0.70349
2.31	0.70425
2.05	0.74659
1.95	0.7488
2.04	0.74979
2.02	0.74119
2.09	0.74152
1.76	0.75004
1.95	0.73655
2.56	0.66849
2.14	0.71595
2.39	0.68176
2.15	0.71835
2.06	0.74958
1.99	0.75013
2.07	0.75108
2.15	0.70877
2.2	0.72784
2.01	0.72993
2.37	0.70478
2.29	0.71032
2.0	0.74759
2.03	0.74515
2.07	0.74064
1.98	0.7394
1.85	0.76533
2.15	0.73871
2.38	0.72007
1.99	0.74922
1.93	0.75275
1.83	0.75423
2.18	0.73269
2.13	0.72138
2.17	0.74521
1.94	0.7419
2.04	0.73669
2.04	0.75186
