design;pore_hydro;surf_hydro;all_hydro;beta_prop;category
TM0_0001_0002_0.fasta;0.9774999999999998;2.0021276595744677;0.6382113821138206;63.63636363636363;medref_tmb
TM0_0001_0005_3.fasta;0.1499999999999999;2.3297872340425534;0.5934959349593495;55.84415584415584;medref_tmb
TM0_0001_0005_9.fasta;-0.10499999999999998;2.336170212765957;0.5056910569105689;55.84415584415584;medref_tmb
TM10_0109_0003_2.fasta;0.5125000000000004;2.6723404255319148;0.6666666666666664;72.72727272727273;medref_tmb
TM10_0109_0003_8.fasta;0.3775000000000003;2.514893617021276;0.5626016260162598;70.12987012987013;medref_tmb
TM1_0029_0004_1.fasta;-0.6174999999999999;2.136170212765957;0.07967479674796744;61.038961038961034;medref_tmb
TM1_0172_0001_5.fasta;0.6250000000000002;2.678723404255319;0.8682926829268288;59.74025974025974;medref_tmb
TM11_0191_0001_7.fasta;-0.9124999999999996;2.740425531914893;0.32682926829268305;50.649350649350644;medref_tmb
TM11_0191_0003_7.fasta;0.5049999999999999;2.459574468085106;0.6138211382113817;46.75324675324675;medref_tmb
TM12_0050_0004_3.fasta;-0.205;2.3127659574468082;0.3325203252032521;70.12987012987013;medref_tmb
TM12_0050_0004_9.fasta;-0.48749999999999993;2.3340425531914892;0.24878048780487805;70.12987012987013;medref_tmb
TM13_0157_0001_7.fasta;-0.7099999999999999;2.84468085106383;0.40731707317073157;64.93506493506493;medref_tmb
TM13_0157_0005_3.fasta;-0.0975;2.7382978723404254;0.5520325203252032;58.44155844155844;medref_tmb
TM13_0157_0005_9.fasta;-0.6024999999999998;2.6936170212765957;0.36747967479674803;54.54545454545454;medref_tmb
TM13_0166_0004_7.fasta;0.22000000000000006;2.217021276595745;0.4048780487804876;54.54545454545454;medref_tmb
TM13_0177_0004_5.fasta;0.5199999999999999;2.4659574468085097;0.552032520325203;58.44155844155844;medref_tmb
TM15_0005_0002_1.fasta;-0.33999999999999997;2.461702127659574;0.34715447154471546;67.53246753246754;medref_tmb
TM17_0087_0002_5.fasta;0.43000000000000016;2.6638297872340426;0.7398373983739833;71.42857142857143;medref_tmb
TM17_0150_0002_6.fasta;-0.3;2.7531914893617024;0.4235772357723577;68.83116883116884;medref_tmb
TM20_0077_0004_2.fasta;0.6225000000000002;2.6446808510638293;0.8292682926829265;62.33766233766234;medref_tmb
TM20_0077_0004_8.fasta;0.4425;2.4404255319148938;0.6926829268292681;62.33766233766234;medref_tmb
TM2_0051_0003_1.fasta;-0.4800000000000001;2.6361702127659576;0.3959349593495937;66.23376623376623;medref_tmb
TM24_0048_0002_7.fasta;0.24999999999999992;2.5744680851063824;0.7512195121951214;51.94805194805194;medref_tmb
TM27_0044_0004_5.fasta;0.7675000000000003;2.278723404255319;0.6105691056910564;45.45454545454545;medref_tmb
TM29_0181_0004_7.fasta;-0.2625;2.236170212765957;0.36991869918699183;62.33766233766234;medref_tmb
TM30_0014_0002_6.fasta;0.10249999999999995;2.7340425531914883;0.6666666666666662;74.02597402597402;medref_tmb
TM3_0182_0003_3.fasta;-0.6575;2.5489361702127655;0.3235772357723577;54.54545454545454;medref_tmb
TM3_0182_0003_9.fasta;-0.72;2.7148936170212763;0.367479674796748;61.038961038961034;medref_tmb
TM31_0119_0002_3.fasta;0.175;2.608510638297872;0.6170731707317071;67.53246753246754;medref_tmb
TM31_0119_0002_9.fasta;-0.3724999999999998;2.78936170212766;0.4821138211382116;54.54545454545454;medref_tmb
TM31_0125_0005_4.fasta;0.24000000000000005;2.442553191489361;0.6430894308943085;62.33766233766234;medref_tmb
TM33_0053_0005_4.fasta;-0.285;2.672340425531915;0.4000000000000002;62.33766233766234;medref_tmb
TM33_0063_0004_2.fasta;-0.7449999999999999;2.612765957446808;0.2878048780487803;58.44155844155844;medref_tmb
TM33_0063_0004_8.fasta;-0.4625;2.661702127659574;0.3520325203252031;68.83116883116884;medref_tmb
TM34_0020_0003_0.fasta;0.8450000000000003;2.3382978723404255;0.7056910569105688;70.12987012987013;medref_tmb
TM34_0020_0004_3.fasta;-0.30249999999999977;2.6978723404255325;0.4764227642276423;74.02597402597402;medref_tmb
TM34_0020_0004_9.fasta;-0.14500000000000007;2.621276595744681;0.5203252032520322;75.32467532467533;medref_tmb
TM37_0004_0003_1.fasta;0.8350000000000003;2.4255319148936163;0.6967479674796745;70.12987012987013;medref_tmb
TM40_0022_0001_0.fasta;-0.8549999999999999;2.878723404255319;0.5073170731707317;55.84415584415584;medref_tmb
TM40_0108_0004_0.fasta;-0.5700000000000001;2.470212765957447;0.24552845528455292;59.74025974025974;medref_tmb
TM40_0170_0004_0.fasta;0.30249999999999977;2.4936170212765956;0.5398373983739838;53.246753246753244;medref_tmb
TM4_0097_0001_2.fasta;-0.032500000000000064;2.810638297872341;0.6471544715447148;70.12987012987013;medref_tmb
TM4_0097_0001_8.fasta;0.05999999999999996;2.4510638297872336;0.4739837398373983;70.12987012987013;medref_tmb
TM4_0097_0004_1.fasta;0.3075;2.4978723404255314;0.5699186991869918;57.14285714285714;medref_tmb
TM41_0155_0001_1.fasta;0.8475000000000005;2.4531914893617013;0.8357723577235765;49.35064935064935;medref_tmb
TM42_0033_0003_3.fasta;0.06499999999999992;2.5914893617021275;0.5666666666666663;64.93506493506493;medref_tmb
TM42_0033_0003_9.fasta;-0.18000000000000002;2.572340425531914;0.47967479674796737;64.93506493506493;medref_tmb
TM42_0194_0002_1.fasta;0.6525000000000001;2.774468085106383;0.8016260162601622;61.038961038961034;medref_tmb
TM43_0185_0005_2.fasta;-0.025000000000000015;2.253191489361701;0.348780487804878;66.23376623376623;medref_tmb
TM43_0185_0005_8.fasta;0.49749999999999994;2.1340425531914886;0.44227642276422746;61.038961038961034;medref_tmb
TM45_0044_0001_0.fasta;-0.25250000000000006;2.621276595744681;0.39268292682926836;70.12987012987013;medref_tmb
TM47_0010_0005_1.fasta;0.49000000000000005;2.3531914893617025;0.5520325203252031;59.74025974025974;medref_tmb
TM48_0034_0004_3.fasta;0.04999999999999993;2.3808510638297866;0.38455284552845537;54.54545454545454;medref_tmb
TM48_0034_0004_9.fasta;-0.2225000000000001;2.3404255319148928;0.28048780487804914;54.54545454545454;medref_tmb
TM48_0158_0004_0.fasta;0.5975;2.702127659574468;0.6747967479674792;63.63636363636363;medref_tmb
TM5_0163_0001_4.fasta;-0.25;2.225531914893617;0.3146341463414634;53.246753246753244;medref_tmb
TM6_0181_0002_3.fasta;-0.3675;2.3744680851063826;0.3357723577235771;49.35064935064935;medref_tmb
TM6_0181_0002_9.fasta;-0.45500000000000007;2.4765957446808513;0.32520325203252026;53.246753246753244;medref_tmb
TM6_0181_0005_0.fasta;-0.36000000000000015;2.1021276595744673;0.2853658536585363;38.961038961038966;medref_tmb
TM7_0123_0004_1.fasta;-0.48999999999999994;2.4063829787234043;0.1813008130081302;68.83116883116884;medref_tmb
TM7_0186_0001_3.fasta;0.30000000000000027;2.2553191489361697;0.5398373983739836;64.93506493506493;medref_tmb
TM7_0186_0001_9.fasta;0.4650000000000003;2.3808510638297866;0.6414634146341458;64.93506493506493;medref_tmb
TM0_0001_0002_5.fasta;1.1750000000000003;2.112765957446808;0.7447154471544708;63.63636363636363;medref_tmb
TM0_0001_0005_6.fasta;0.41000000000000025;2.436170212765957;0.7186991869918696;55.84415584415584;medref_tmb
TM10_0109_0003_7.fasta;-0.36500000000000005;2.682978723404255;0.3853658536585366;76.62337662337663;medref_tmb
TM1_0029_0004_4.fasta;0.007499999999999929;2.1361702127659568;0.30406504065040646;61.038961038961034;medref_tmb
TM1_0172_0001_0.fasta;-0.0875;2.4510638297872336;0.5495934959349591;55.84415584415584;medref_tmb
TM11_0191_0001_2.fasta;-0.23500000000000004;2.4680851063829783;0.4430894308943089;67.53246753246754;medref_tmb
TM11_0191_0001_8.fasta;-0.5924999999999998;2.5808510638297872;0.36991869918699194;61.038961038961034;medref_tmb
TM11_0191_0003_2.fasta;0.97;2.3744680851063826;0.733333333333333;38.961038961038966;medref_tmb
TM11_0191_0003_8.fasta;0.7325000000000003;2.706382978723404;0.7821138211382112;35.064935064935064;medref_tmb
TM12_0050_0004_6.fasta;-0.6624999999999999;2.231914893617021;0.15365853658536593;70.12987012987013;medref_tmb
TM13_0157_0001_2.fasta;-0.6525;2.751063829787234;0.3691056910569104;64.93506493506493;medref_tmb
TM13_0157_0001_8.fasta;-0.44000000000000006;2.8808510638297875;0.4878048780487805;64.93506493506493;medref_tmb
TM13_0157_0005_6.fasta;-0.13750000000000004;2.51063829787234;0.42764227642276403;44.15584415584416;medref_tmb
TM13_0166_0004_2.fasta;0.08999999999999997;2.1936170212765957;0.35365853658536583;54.54545454545454;medref_tmb
TM13_0166_0004_8.fasta;0.4349999999999999;2.431914893617021;0.5569105691056909;54.54545454545454;medref_tmb
TM13_0177_0004_0.fasta;0.3299999999999999;2.625531914893616;0.5943089430894307;62.33766233766234;medref_tmb
TM15_0005_0002_4.fasta;-0.062499999999999924;2.559574468085106;0.4788617886178859;57.14285714285714;medref_tmb
TM17_0087_0002_0.fasta;-0.007500000000000018;2.568085106382979;0.5869918699186992;64.93506493506493;medref_tmb
TM17_0150_0002_3.fasta;-0.00750000000000004;2.534042553191489;0.456910569105691;53.246753246753244;medref_tmb
TM17_0150_0002_9.fasta;0.06249999999999996;2.8297872340425534;0.5926829268292683;66.23376623376623;medref_tmb
TM20_0077_0004_7.fasta;0.8400000000000004;2.4808510638297867;0.8154471544715441;62.33766233766234;medref_tmb
TM2_0051_0003_4.fasta;-0.01749999999999998;2.6808510638297873;0.5634146341463413;66.23376623376623;medref_tmb
TM24_0048_0002_2.fasta;0.16999999999999996;2.4744680851063823;0.6650406504065036;55.84415584415584;medref_tmb
TM24_0048_0002_8.fasta;-0.3025000000000001;2.827659574468085;0.6463414634146339;49.35064935064935;medref_tmb
TM27_0044_0004_0.fasta;0.11499999999999999;2.308510638297872;0.4357723577235772;45.45454545454545;medref_tmb
TM29_0181_0004_2.fasta;-0.3375000000000001;2.357446808510638;0.373170731707317;62.33766233766234;medref_tmb
TM29_0181_0004_8.fasta;-0.38750000000000007;2.4978723404255314;0.47073170731707303;62.33766233766234;medref_tmb
TM30_0014_0002_3.fasta;0.1575;2.640425531914893;0.627642276422764;74.02597402597402;medref_tmb
TM30_0014_0002_9.fasta;0.03499999999999996;2.734042553191489;0.6235772357723578;74.02597402597402;medref_tmb
TM3_0182_0003_6.fasta;-0.3000000000000001;2.825531914893617;0.546341463414634;59.74025974025974;medref_tmb
TM31_0119_0002_6.fasta;-0.0025000000000001466;2.851063829787234;0.6520325203252033;64.93506493506493;medref_tmb
TM31_0125_0005_1.fasta;0.5325000000000003;2.478723404255319;0.7268292682926825;77.92207792207793;medref_tmb
TM33_0053_0005_1.fasta;-0.325;2.8255319148936167;0.4455284552845528;66.23376623376623;medref_tmb
TM33_0063_0004_7.fasta;-0.7874999999999999;2.6829787234042555;0.2804878048780488;57.14285714285714;medref_tmb
TM34_0020_0003_5.fasta;0.7950000000000003;2.5276595744680845;0.7617886178861786;59.74025974025974;medref_tmb
TM34_0020_0004_6.fasta;0.04999999999999995;2.5063829787234044;0.5398373983739837;63.63636363636363;medref_tmb
TM37_0004_0003_4.fasta;-1.0474999999999999;2.351063829787234;0.05609756097560973;63.63636363636363;medref_tmb
TM40_0022_0001_5.fasta;-0.6899999999999998;2.6851063829787236;0.48699186991869947;54.54545454545454;medref_tmb
TM40_0108_0004_5.fasta;-0.8449999999999998;2.476595744680851;0.15853658536585372;63.63636363636363;medref_tmb
TM40_0170_0004_5.fasta;0.4050000000000001;2.627659574468085;0.624390243902439;53.246753246753244;medref_tmb
TM4_0097_0001_7.fasta;0.195;2.576595744680851;0.6317073170731704;70.12987012987013;medref_tmb
TM4_0097_0004_4.fasta;0.12749999999999997;2.4893617021276593;0.5048780487804879;57.14285714285714;medref_tmb
TM41_0155_0001_4.fasta;0.6250000000000002;2.444680851063829;0.7601626016260156;54.54545454545454;medref_tmb
TM42_0033_0003_6.fasta;-1.1102230246251566e-17;2.429787234042552;0.4837398373983736;64.93506493506493;medref_tmb
TM42_0194_0002_4.fasta;0.18249999999999994;2.708510638297872;0.5975609756097557;54.54545454545454;medref_tmb
TM43_0185_0005_7.fasta;-0.1125;2.134042553191489;0.2747967479674798;61.038961038961034;medref_tmb
TM45_0044_0001_5.fasta;-0.095;2.617021276595745;0.44308943089430913;61.038961038961034;medref_tmb
TM47_0010_0005_4.fasta;-0.31250000000000006;2.4446808510638296;0.34796747967479674;50.649350649350644;medref_tmb
TM48_0034_0004_6.fasta;-0.21750000000000003;2.3872340425531906;0.3;54.54545454545454;medref_tmb
TM48_0158_0004_5.fasta;-0.02000000000000004;2.8106382978723397;0.5154471544715448;58.44155844155844;medref_tmb
TM5_0163_0001_1.fasta;0.36000000000000004;2.1936170212765957;0.5008130081300811;58.44155844155844;medref_tmb
TM6_0181_0002_6.fasta;-0.44000000000000006;2.3425531914893614;0.2788617886178862;62.33766233766234;medref_tmb
TM6_0181_0005_5.fasta;-0.6324999999999998;2.197872340425531;0.2333333333333335;44.15584415584416;medref_tmb
TM7_0123_0004_4.fasta;-0.2575000000000001;2.5106382978723403;0.29674796747967486;68.83116883116884;medref_tmb
TM7_0186_0001_6.fasta;0.6875000000000002;2.112765957446808;0.6577235772357718;64.93506493506493;medref_tmb
TM0_0001_0002_1.fasta;1.1775;2.361702127659574;0.8073170731707309;63.63636363636363;medref_tmb
TM0_0001_0005_2.fasta;0.5725000000000003;2.606382978723404;0.8113821138211377;55.84415584415584;medref_tmb
TM0_0001_0005_8.fasta;0.057499999999999975;2.3191489361702127;0.5593495934959346;55.84415584415584;medref_tmb
TM10_0109_0003_3.fasta;0.1475000000000001;2.5680851063829784;0.5081300813008128;68.83116883116884;medref_tmb
TM10_0109_0003_9.fasta;-0.215;2.6042553191489355;0.40406504065040644;63.63636363636363;medref_tmb
TM1_0029_0004_0.fasta;-0.0425;1.9638297872340418;0.22195121951219526;61.038961038961034;medref_tmb
TM1_0172_0001_4.fasta;0.4575000000000002;2.6617021276595745;0.8073170731707313;64.93506493506493;medref_tmb
TM11_0191_0001_6.fasta;-0.255;2.7382978723404254;0.5398373983739838;62.33766233766234;medref_tmb
TM11_0191_0003_6.fasta;0.1074999999999999;2.2957446808510635;0.42195121951219505;45.45454545454545;medref_tmb
TM12_0050_0004_2.fasta;0.11999999999999997;2.217021276595744;0.40162601626016253;70.12987012987013;medref_tmb
TM12_0050_0004_8.fasta;0.05249999999999998;2.302127659574468;0.4121951219512195;70.12987012987013;medref_tmb
TM13_0157_0001_6.fasta;-0.43499999999999994;2.861702127659575;0.456910569105691;64.93506493506493;medref_tmb
TM13_0157_0005_2.fasta;-0.275;2.6999999999999997;0.4804878048780486;44.15584415584416;medref_tmb
TM13_0157_0005_8.fasta;-0.335;2.821276595744681;0.48130081300813016;54.54545454545454;medref_tmb
TM13_0166_0004_6.fasta;0.5199999999999999;2.348936170212766;0.5528455284552842;54.54545454545454;medref_tmb
TM13_0177_0004_4.fasta;0.23999999999999994;2.512765957446808;0.4999999999999997;61.038961038961034;medref_tmb
TM15_0005_0002_0.fasta;-0.4075000000000001;2.4446808510638296;0.31869918699186994;58.44155844155844;medref_tmb
TM17_0087_0002_4.fasta;-0.09500000000000013;2.4936170212765956;0.5032520325203252;63.63636363636363;medref_tmb
TM17_0150_0002_7.fasta;-0.09250000000000003;2.504255319148936;0.41788617886178864;57.14285714285714;medref_tmb
TM20_0077_0004_3.fasta;0.8175000000000002;2.2553191489361697;0.74390243902439;62.33766233766234;medref_tmb
TM20_0077_0004_9.fasta;0.9400000000000004;2.2872340425531914;0.7959349593495931;62.33766233766234;medref_tmb
TM2_0051_0003_0.fasta;-0.13000000000000006;2.6446808510638298;0.513008130081301;66.23376623376623;medref_tmb
TM24_0048_0002_6.fasta;-0.2;2.5872340425531912;0.5878048780487801;57.14285714285714;medref_tmb
TM25_0198_0002_2.fasta;-0.06000000000000003;2.197872340425531;0.3341463414634146;67.53246753246754;medref_tmb
TM27_0044_0004_4.fasta;-0.18;2.2978723404255317;0.3097560975609756;45.45454545454545;medref_tmb
TM29_0181_0004_6.fasta;0.37249999999999994;2.374468085106383;0.6707317073170727;62.33766233766234;medref_tmb
TM30_0014_0002_7.fasta;0.6075000000000002;2.7021276595744674;0.8186991869918696;74.02597402597402;medref_tmb
TM3_0182_0003_2.fasta;0.0475;2.448936170212766;0.5154471544715445;67.53246753246754;medref_tmb
TM3_0182_0003_8.fasta;0.1949999999999999;2.7106382978723405;0.6406504065040647;64.93506493506493;medref_tmb
TM31_0119_0002_2.fasta;-0.38999999999999985;2.5808510638297877;0.4227642276422766;61.038961038961034;medref_tmb
TM31_0119_0002_8.fasta;0.4675000000000001;2.612765957446809;0.7138211382113819;61.038961038961034;medref_tmb
TM31_0125_0005_5.fasta;0.09499999999999996;2.6361702127659576;0.6447154471544714;80.51948051948052;medref_tmb
TM33_0053_0005_5.fasta;-0.2824999999999999;2.765957446808511;0.4365853658536585;61.038961038961034;medref_tmb
TM33_0063_0004_3.fasta;-0.8149999999999998;2.5510638297872337;0.22113821138211384;62.33766233766234;medref_tmb
TM33_0063_0004_9.fasta;-0.6824999999999998;2.6978723404255316;0.3227642276422764;61.038961038961034;medref_tmb
TM34_0020_0003_1.fasta;0.7325000000000002;2.570212765957447;0.7804878048780486;53.246753246753244;medref_tmb
TM34_0020_0004_2.fasta;-0.11750000000000005;2.5808510638297877;0.5138211382113821;77.92207792207793;medref_tmb
TM34_0020_0004_8.fasta;-0.13500000000000012;2.4617021276595747;0.440650406504065;74.02597402597402;medref_tmb
TM37_0004_0003_0.fasta;-0.24250000000000008;2.4489361702127654;0.35528455284552823;50.649350649350644;medref_tmb
TM40_0022_0001_1.fasta;-0.46499999999999997;2.778723404255319;0.5959349593495934;49.35064935064935;medref_tmb
TM40_0108_0004_1.fasta;-0.5974999999999999;2.3893617021276596;0.183739837398374;70.12987012987013;medref_tmb
TM40_0170_0004_1.fasta;0.4325000000000002;2.6319148936170214;0.6349593495934958;53.246753246753244;medref_tmb
TM4_0097_0001_3.fasta;0.16749999999999993;2.817021276595745;0.7886178861788611;70.12987012987013;medref_tmb
TM4_0097_0001_9.fasta;-0.2;2.7255319148936175;0.4943089430894307;70.12987012987013;medref_tmb
TM4_0097_0004_0.fasta;-0.1475;2.236170212765957;0.3845528455284554;57.14285714285714;medref_tmb
TM41_0155_0001_0.fasta;0.7550000000000006;2.3319148936170206;0.7593495934959343;46.75324675324675;medref_tmb
TM42_0033_0003_2.fasta;-0.025000000000000078;2.463829787234042;0.48861788617886165;64.93506493506493;medref_tmb
TM42_0033_0003_8.fasta;-0.7124999999999998;2.4999999999999996;0.2788617886178863;64.93506493506493;medref_tmb
TM42_0194_0002_0.fasta;0.6725000000000003;2.6659574468085103;0.7406504065040647;66.23376623376623;medref_tmb
TM43_0185_0005_3.fasta;0.4175;2.2872340425531905;0.5056910569105688;61.038961038961034;medref_tmb
TM43_0185_0005_9.fasta;-0.36249999999999993;2.3297872340425525;0.26829268292682945;66.23376623376623;medref_tmb
TM45_0044_0001_1.fasta;-0.16500000000000006;2.5170212765957447;0.38211382113821146;66.23376623376623;medref_tmb
TM47_0010_0005_0.fasta;-0.22249999999999998;2.5829787234042554;0.40813008130081296;64.93506493506493;medref_tmb
TM47_0037_0004_9.fasta;-0.4574999999999999;2.629787234042553;0.40243902439024387;67.53246753246754;medref_tmb
TM48_0034_0004_2.fasta;-0.10000000000000006;2.497872340425531;0.3804878048780489;54.54545454545454;medref_tmb
TM48_0034_0004_8.fasta;-0.5075000000000001;2.5468085106382974;0.26666666666666694;54.54545454545454;medref_tmb
TM48_0158_0004_1.fasta;0.4124999999999999;2.631914893617021;0.58780487804878;63.63636363636363;medref_tmb
TM5_0163_0001_5.fasta;0.5025000000000002;2.5106382978723407;0.6471544715447151;51.94805194805194;medref_tmb
TM6_0181_0002_2.fasta;-0.4925;2.45531914893617;0.33089430894308935;54.54545454545454;medref_tmb
TM6_0181_0002_8.fasta;-0.63;2.504255319148936;0.275609756097561;64.93506493506493;medref_tmb
TM6_0181_0005_1.fasta;-0.4625000000000002;2.225531914893616;0.29918699186991854;46.75324675324675;medref_tmb
TM7_0123_0004_0.fasta;-0.3125;2.3638297872340424;0.24471544715447166;68.83116883116884;medref_tmb
TM7_0186_0001_2.fasta;0.09249999999999994;2.1936170212765953;0.4487804878048779;64.93506493506493;medref_tmb
TM7_0186_0001_8.fasta;0.4975000000000005;2.0361702127659567;0.4983739837398371;64.93506493506493;medref_tmb
TM0_0001_0002_4.fasta;1.1724999999999999;2.191489361702127;0.7268292682926818;63.63636363636363;medref_tmb
TM0_0001_0005_7.fasta;0.6225000000000006;2.370212765957447;0.8056910569105683;55.84415584415584;medref_tmb
TM10_0109_0003_6.fasta;0.2100000000000002;2.6382978723404253;0.5552845528455282;70.12987012987013;medref_tmb
TM1_0029_0004_5.fasta;-0.1500000000000001;2.1361702127659576;0.22764227642276427;61.038961038961034;medref_tmb
TM1_0172_0001_1.fasta;0.3625;2.561702127659574;0.7382113821138208;70.12987012987013;medref_tmb
TM11_0191_0001_3.fasta;-0.32499999999999984;2.663829787234042;0.4886178861788618;67.53246753246754;medref_tmb
TM11_0191_0001_9.fasta;-0.11000000000000003;2.2212765957446803;0.3894308943089432;50.649350649350644;medref_tmb
TM11_0191_0003_3.fasta;0.45499999999999996;2.104255319148936;0.46178861788617875;50.649350649350644;medref_tmb
TM11_0191_0003_9.fasta;0.7900000000000003;2.546808510638298;0.7406504065040644;51.94805194805194;medref_tmb
TM12_0050_0004_7.fasta;-0.8049999999999999;2.429787234042553;0.1829268292682927;70.12987012987013;medref_tmb
TM13_0157_0001_3.fasta;0.01749999999999996;2.6531914893617023;0.5243902439024389;64.93506493506493;medref_tmb
TM13_0157_0001_9.fasta;0.022499999999999944;2.6340425531914886;0.5406504065040647;64.93506493506493;medref_tmb
TM13_0157_0005_7.fasta;0.04749999999999997;2.6297872340425528;0.5333333333333332;51.94805194805194;medref_tmb
TM13_0166_0004_3.fasta;0.25749999999999995;2.4085106382978725;0.5154471544715447;54.54545454545454;medref_tmb
TM13_0166_0004_9.fasta;0.25;2.3;0.4674796747967477;54.54545454545454;medref_tmb
TM13_0177_0004_1.fasta;-0.23499999999999996;2.2276595744680847;0.2585365853658538;64.93506493506493;medref_tmb
TM15_0005_0002_5.fasta;-0.1375;2.4021276595744676;0.3943089430894308;49.35064935064935;medref_tmb
TM17_0087_0002_1.fasta;0.12750000000000003;2.8191489361702127;0.7008130081300809;72.72727272727273;medref_tmb
TM17_0150_0002_2.fasta;-0.18250000000000005;2.4829787234042553;0.3804878048780487;54.54545454545454;medref_tmb
TM17_0150_0002_8.fasta;0.19249999999999995;2.3510638297872335;0.45203252032520325;62.33766233766234;medref_tmb
TM20_0077_0004_6.fasta;0.9550000000000004;2.351063829787234;0.8040650406504061;62.33766233766234;medref_tmb
TM2_0051_0003_5.fasta;-0.7899999999999998;2.634042553191489;0.29430894308943106;66.23376623376623;medref_tmb
TM24_0048_0002_3.fasta;0.13999999999999993;2.5425531914893615;0.7032520325203249;44.15584415584416;medref_tmb
TM24_0048_0002_9.fasta;-0.1375000000000001;2.5106382978723394;0.6008130081300809;46.75324675324675;medref_tmb
TM27_0044_0004_1.fasta;0.17999999999999994;2.180851063829787;0.40813008130081296;45.45454545454545;medref_tmb
TM29_0181_0004_3.fasta;0.2625;2.5255319148936164;0.6926829268292677;62.33766233766234;medref_tmb
TM29_0181_0004_9.fasta;-0.23000000000000007;2.4446808510638296;0.4373983739837399;62.33766233766234;medref_tmb
TM30_0014_0002_2.fasta;0.012499999999999956;2.608510638297872;0.5894308943089431;74.02597402597402;medref_tmb
TM30_0014_0002_8.fasta;0.41500000000000004;2.7765957446808502;0.7845528455284548;74.02597402597402;medref_tmb
TM3_0182_0003_7.fasta;-0.36750000000000005;2.5021276595744677;0.4008130081300812;51.94805194805194;medref_tmb
TM31_0119_0002_7.fasta;0.1174999999999999;2.7148936170212767;0.638211382113821;62.33766233766234;medref_tmb
TM31_0125_0005_0.fasta;0.10499999999999998;2.5382978723404253;0.6105691056910566;75.32467532467533;medref_tmb
TM33_0053_0005_0.fasta;-0.09250000000000007;2.7957446808510635;0.5097560975609757;70.12987012987013;medref_tmb
TM33_0063_0004_6.fasta;-0.3875;2.6787234042553183;0.40813008130081274;54.54545454545454;medref_tmb
TM34_0020_0003_4.fasta;0.7525000000000002;2.574468085106383;0.7886178861788613;72.72727272727273;medref_tmb
TM34_0020_0004_7.fasta;-0.022499999999999985;2.617021276595745;0.5365853658536583;77.92207792207793;medref_tmb
TM37_0004_0003_5.fasta;-0.24000000000000013;2.661702127659574;0.41138211382113804;67.53246753246754;medref_tmb
TM40_0022_0001_4.fasta;-0.7249999999999999;2.7680851063829786;0.5073170731707317;58.44155844155844;medref_tmb
TM40_0108_0004_4.fasta;-0.8049999999999997;2.6255319148936165;0.18048780487804886;59.74025974025974;medref_tmb
TM40_0170_0004_4.fasta;0.08249999999999993;2.4936170212765956;0.46829268292682946;53.246753246753244;medref_tmb
TM4_0097_0001_6.fasta;-0.24499999999999994;2.8276595744680852;0.5186991869918698;70.12987012987013;medref_tmb
TM4_0097_0004_5.fasta;0.1625;2.463829787234042;0.5065040650406504;57.14285714285714;medref_tmb
TM41_0155_0001_5.fasta;0.8875000000000004;2.3127659574468082;0.7642276422764223;62.33766233766234;medref_tmb
TM42_0033_0003_7.fasta;-0.195;2.444680851063829;0.4260162601626012;64.93506493506493;medref_tmb
TM42_0194_0002_5.fasta;0.7225000000000004;2.9106382978723406;0.8764227642276418;68.83116883116884;medref_tmb
TM43_0185_0005_6.fasta;-0.265;2.223404255319148;0.23658536585365866;61.038961038961034;medref_tmb
TM45_0044_0001_4.fasta;0.0125;2.6489361702127665;0.46829268292682946;70.12987012987013;medref_tmb
TM47_0010_0005_5.fasta;-0.08250000000000009;2.5148936170212766;0.42764227642276426;57.14285714285714;medref_tmb
TM48_0034_0004_7.fasta;-0.52;2.197872340425531;0.12926829268292708;54.54545454545454;medref_tmb
TM48_0158_0004_4.fasta;0.28249999999999986;2.9425531914893615;0.6642276422764223;67.53246753246754;medref_tmb
TM5_0163_0001_0.fasta;0.4375;2.323404255319149;0.5756097560975609;64.93506493506493;medref_tmb
TM6_0181_0002_7.fasta;-0.44000000000000006;2.5851063829787235;0.3926829268292682;44.15584415584416;medref_tmb
TM6_0181_0005_4.fasta;-0.825;2.0510638297872337;0.11463414634146352;41.55844155844156;medref_tmb
TM7_0123_0004_5.fasta;-0.06750000000000007;2.327659574468085;0.31056910569105683;68.83116883116884;medref_tmb
TM7_0186_0001_7.fasta;0.32750000000000024;2.306382978723404;0.5463414634146339;64.93506493506493;medref_tmb
TM0_0001_0002_7.fasta;1.1799999999999997;2.1574468085106373;0.7634146341463403;63.63636363636363;medref_tmb
TM0_0001_0005_4.fasta;0.07249999999999993;2.5638297872340425;0.7008130081300809;55.84415584415584;medref_tmb
TM10_0109_0003_5.fasta;0.28500000000000003;2.6510638297872338;0.584552845528455;63.63636363636363;medref_tmb
TM1_0029_0004_6.fasta;0.3475;2.253191489361702;0.43414634146341463;61.038961038961034;medref_tmb
TM1_0172_0001_2.fasta;0.23999999999999994;2.4893617021276593;0.6707317073170729;68.83116883116884;medref_tmb
TM1_0172_0001_8.fasta;-0.22749999999999995;2.6446808510638293;0.5780487804878046;71.42857142857143;medref_tmb
TM11_0191_0001_0.fasta;-0.6774999999999999;2.5787234042553187;0.34146341463414626;57.14285714285714;medref_tmb
TM11_0191_0003_0.fasta;0.3350000000000001;2.6510638297872338;0.6317073170731705;57.14285714285714;medref_tmb
TM12_0050_0004_4.fasta;0.04249999999999996;2.4851063829787234;0.47886178861788614;70.12987012987013;medref_tmb
TM13_0157_0001_0.fasta;-0.19500000000000003;2.5851063829787235;0.42926829268292704;64.93506493506493;medref_tmb
TM13_0157_0005_4.fasta;-0.4549999999999999;2.6765957446808506;0.41300813008130066;48.05194805194805;medref_tmb
TM13_0166_0004_0.fasta;0.18749999999999994;2.3;0.45121951219512185;54.54545454545454;medref_tmb
TM13_0177_0004_2.fasta;0.002499999999999958;2.385106382978723;0.3959349593495934;59.74025974025974;medref_tmb
TM13_0177_0004_8.fasta;0.25749999999999984;2.387234042553191;0.4796747967479672;66.23376623376623;medref_tmb
TM15_0005_0002_6.fasta;0.05499999999999998;2.3978723404255318;0.45121951219512185;51.94805194805194;medref_tmb
TM17_0087_0002_2.fasta;0.017499999999999877;2.7;0.619512195121951;77.92207792207793;medref_tmb
TM17_0087_0002_8.fasta;0.25749999999999995;2.4851063829787234;0.6154471544715444;66.23376623376623;medref_tmb
TM17_0150_0002_1.fasta;-0.5699999999999996;2.5446808510638292;0.2780487804878048;63.63636363636363;medref_tmb
TM20_0077_0004_5.fasta;0.6925000000000003;2.5382978723404253;0.7894308943089426;62.33766233766234;medref_tmb
TM2_0051_0003_6.fasta;0.3049999999999999;2.7276595744680856;0.6861788617886178;66.23376623376623;medref_tmb
TM24_0048_0002_0.fasta;0.1375;2.7170212765957444;0.747154471544715;55.84415584415584;medref_tmb
TM27_0044_0004_2.fasta;0.9550000000000001;2.2595744680851055;0.6902439024390238;45.45454545454545;medref_tmb
TM27_0044_0004_8.fasta;0.46750000000000036;2.3723404255319145;0.5747967479674794;45.45454545454545;medref_tmb
TM29_0181_0004_0.fasta;-0.695;2.642553191489362;0.40325203252032527;62.33766233766234;medref_tmb
TM30_0014_0002_1.fasta;0.17;2.844680851063829;0.7308943089430893;74.02597402597402;medref_tmb
TM3_0182_0003_4.fasta;0.48;2.368085106382978;0.6252032520325198;62.33766233766234;medref_tmb
TM31_0119_0002_4.fasta;-0.13;2.7872340425531923;0.560162601626016;64.93506493506493;medref_tmb
TM31_0125_0005_3.fasta;0.6425000000000003;2.585106382978723;0.8252032520325198;62.33766233766234;medref_tmb
TM31_0125_0005_9.fasta;-0.1075;2.451063829787233;0.5081300813008129;67.53246753246754;medref_tmb
TM33_0053_0005_3.fasta;-0.2575;2.5255319148936164;0.3528455284552845;67.53246753246754;medref_tmb
TM33_0053_0005_9.fasta;0.07999999999999999;2.621276595744681;0.49918699186991866;62.33766233766234;medref_tmb
TM33_0063_0004_5.fasta;-0.86;2.648936170212765;0.2178861788617887;59.74025974025974;medref_tmb
TM34_0020_0003_7.fasta;0.22249999999999998;2.52127659574468;0.5959349593495936;67.53246753246754;medref_tmb
TM34_0020_0004_4.fasta;0.2825;2.6936170212765957;0.6609756097560971;75.32467532467533;medref_tmb
TM37_0004_0003_6.fasta;-0.39249999999999996;2.553191489361702;0.3463414634146341;67.53246753246754;medref_tmb
TM40_0022_0001_7.fasta;-0.37;2.912765957446808;0.6780487804878048;71.42857142857143;medref_tmb
TM40_0108_0004_7.fasta;-0.8724999999999999;2.3468085106382977;0.09999999999999998;50.649350649350644;medref_tmb
TM40_0170_0004_7.fasta;0.36250000000000004;2.670212765957447;0.6479674796747966;53.246753246753244;medref_tmb
TM4_0097_0001_5.fasta;0.22000000000000003;2.6106382978723404;0.6528455284552841;70.12987012987013;medref_tmb
TM4_0097_0004_6.fasta;-0.14000000000000012;2.2042553191489356;0.3308943089430895;57.14285714285714;medref_tmb
TM41_0155_0001_6.fasta;0.6250000000000002;2.2999999999999994;0.704878048780487;50.649350649350644;medref_tmb
TM42_0033_0003_4.fasta;-0.19000000000000009;2.563829787234042;0.4731707317073167;64.93506493506493;medref_tmb
TM42_0194_0002_6.fasta;0.45249999999999996;2.7574468085106383;0.7040650406504063;42.857142857142854;medref_tmb
TM43_0185_0005_5.fasta;-0.49499999999999966;2.214893617021276;0.18130081300813017;57.14285714285714;medref_tmb
TM45_0044_0001_7.fasta;-0.04500000000000006;2.759574468085107;0.5138211382113824;70.12987012987013;medref_tmb
TM47_0010_0005_6.fasta;0.1499999999999999;2.6340425531914895;0.5707317073170729;70.12987012987013;medref_tmb
TM48_0034_0004_4.fasta;-0.18250000000000005;2.3829787234042543;0.3097560975609759;54.54545454545454;medref_tmb
TM48_0158_0004_7.fasta;0.06249999999999996;2.785106382978723;0.5325203252032519;58.44155844155844;medref_tmb
TM5_0163_0001_3.fasta;0.5375000000000004;2.1468085106382984;0.5666666666666667;71.42857142857143;medref_tmb
TM5_0163_0001_9.fasta;0.004999999999999871;2.2702127659574467;0.41463414634146334;63.63636363636363;medref_tmb
TM6_0181_0002_4.fasta;-0.915;2.4234042553191486;0.15121951219512203;54.54545454545454;medref_tmb
TM6_0181_0005_7.fasta;-0.44749999999999995;2.0446808510638292;0.21219512195121967;51.94805194805194;medref_tmb
TM7_0123_0004_6.fasta;-0.24750000000000014;2.302127659574468;0.24227642276422773;68.83116883116884;medref_tmb
TM7_0186_0001_4.fasta;1.055;2.0553191489361695;0.733333333333333;64.93506493506493;medref_tmb
TM0_0001_0002_2.fasta;1.22;2.3957446808510636;0.8634146341463405;63.63636363636363;medref_tmb
TM0_0001_0002_8.fasta;0.9625000000000001;2.0999999999999996;0.6235772357723569;63.63636363636363;medref_tmb
TM0_0001_0005_1.fasta;0.13999999999999999;2.546808510638298;0.7089430894308941;55.84415584415584;medref_tmb
TM10_0109_0003_0.fasta;-0.12500000000000006;2.6851063829787236;0.49024390243902427;75.32467532467533;medref_tmb
TM1_0029_0004_3.fasta;-0.09250000000000007;2.1851063829787227;0.2682926829268292;61.038961038961034;medref_tmb
TM1_0029_0004_9.fasta;-0.10999999999999999;2.106382978723404;0.22926829268292692;61.038961038961034;medref_tmb
TM1_0172_0001_7.fasta;0.3825000000000002;2.578723404255319;0.7512195121951215;58.44155844155844;medref_tmb
TM11_0191_0001_5.fasta;-0.15749999999999992;2.459574468085106;0.46504065040650416;63.63636363636363;medref_tmb
TM11_0191_0003_5.fasta;-0.00250000000000008;2.5148936170212766;0.46991869918699175;58.44155844155844;medref_tmb
TM12_0050_0004_1.fasta;-0.1925000000000001;2.3978723404255318;0.36910569105691066;70.12987012987013;medref_tmb
TM13_0157_0001_5.fasta;-0.375;2.780851063829787;0.49593495934959353;64.93506493506493;medref_tmb
TM13_0157_0005_1.fasta;-0.012500000000000039;2.795744680851064;0.6024390243902435;49.35064935064935;medref_tmb
TM13_0166_0004_5.fasta;0.5249999999999999;2.4680851063829787;0.62520325203252;54.54545454545454;medref_tmb
TM13_0177_0004_7.fasta;0.5525;2.5446808510638292;0.6146341463414633;59.74025974025974;medref_tmb
TM15_0005_0002_3.fasta;-0.05500000000000012;2.440425531914893;0.43170731707317045;48.05194805194805;medref_tmb
TM15_0005_0002_9.fasta;0.009999999999999964;2.7468085106382985;0.5699186991869917;70.12987012987013;medref_tmb
TM17_0087_0002_7.fasta;0.12749999999999984;2.4957446808510637;0.6032520325203249;59.74025974025974;medref_tmb
TM17_0150_0002_4.fasta;0.125;2.691489361702127;0.5601626016260162;66.23376623376623;medref_tmb
TM20_0077_0004_0.fasta;0.7550000000000003;2.448936170212766;0.7975609756097557;62.33766233766234;medref_tmb
TM2_0051_0003_3.fasta;-0.08999999999999997;2.5617021276595744;0.4943089430894309;66.23376623376623;medref_tmb
TM2_0051_0003_9.fasta;0.17499999999999996;2.5851063829787235;0.6154471544715446;66.23376623376623;medref_tmb
TM24_0048_0002_5.fasta;0.06499999999999986;2.4659574468085106;0.6276422764227639;59.74025974025974;medref_tmb
TM25_0198_0002_1.fasta;0.21499999999999994;2.148936170212765;0.36504065040650396;63.63636363636363;medref_tmb
TM27_0044_0004_7.fasta;0.6925000000000001;2.55531914893617;0.6918699186991863;45.45454545454545;medref_tmb
TM29_0181_0004_5.fasta;0.20999999999999996;2.4553191489361703;0.6569105691056907;62.33766233766234;medref_tmb
TM30_0014_0002_4.fasta;-0.010000000000000075;2.7893617021276595;0.6300813008130078;74.02597402597402;medref_tmb
TM3_0182_0003_1.fasta;0.15999999999999998;2.5042553191489363;0.5731707317073167;63.63636363636363;medref_tmb
TM31_0119_0002_1.fasta;0.11249999999999989;2.648936170212766;0.5861788617886181;63.63636363636363;medref_tmb
TM31_0125_0005_6.fasta;0.019999999999999952;2.5127659574468084;0.5739837398373981;76.62337662337663;medref_tmb
TM33_0053_0005_6.fasta;0.3324999999999999;2.785106382978723;0.6439024390243899;62.33766233766234;medref_tmb
TM33_0063_0004_0.fasta;-0.7874999999999998;2.6191489361702125;0.2764227642276421;54.54545454545454;medref_tmb
TM34_0020_0003_2.fasta;0.23499999999999996;2.2638297872340423;0.47886178861788636;48.05194805194805;medref_tmb
TM34_0020_0003_8.fasta;0.5750000000000001;2.5765957446808505;0.7317073170731706;57.14285714285714;medref_tmb
TM34_0020_0004_1.fasta;0.3425000000000001;2.578723404255319;0.6626016260162598;72.72727272727273;medref_tmb
TM37_0004_0003_3.fasta;-0.22750000000000004;2.353191489361702;0.297560975609756;66.23376623376623;medref_tmb
TM37_0004_0003_9.fasta;0.26749999999999996;2.6212765957446806;0.586991869918699;66.23376623376623;medref_tmb
TM40_0022_0001_2.fasta;-0.6574999999999999;2.893617021276596;0.5772357723577235;61.038961038961034;medref_tmb
TM40_0022_0001_8.fasta;-0.76;2.8085106382978724;0.5113821138211382;57.14285714285714;medref_tmb
TM40_0108_0004_2.fasta;-0.4225;2.6361702127659568;0.3569105691056909;59.74025974025974;medref_tmb
TM40_0108_0004_8.fasta;-0.5150000000000001;2.380851063829787;0.22926829268292692;62.33766233766234;medref_tmb
TM40_0170_0004_2.fasta;-0.1975;2.606382978723404;0.42032520325203276;53.246753246753244;medref_tmb
TM40_0170_0004_8.fasta;0.3625000000000002;2.653191489361702;0.6203252032520323;53.246753246753244;medref_tmb
TM4_0097_0001_0.fasta;0.2725;2.636170212765957;0.6138211382113816;70.12987012987013;medref_tmb
TM4_0097_0004_3.fasta;0.30999999999999994;2.2042553191489356;0.4772357723577236;57.14285714285714;medref_tmb
TM4_0097_0004_9.fasta;-0.095;2.4361702127659575;0.4121951219512197;57.14285714285714;medref_tmb
TM41_0155_0001_3.fasta;0.8475000000000005;2.642553191489361;0.9081300813008124;51.94805194805194;medref_tmb
TM41_0155_0001_9.fasta;0.7100000000000003;2.3468085106382977;0.7463414634146339;45.45454545454545;medref_tmb
TM42_0033_0003_1.fasta;-0.06000000000000007;2.487234042553191;0.4943089430894305;64.93506493506493;medref_tmb
TM42_0194_0002_3.fasta;0.7375000000000003;2.648936170212765;0.7552845528455281;58.44155844155844;medref_tmb
TM42_0194_0002_9.fasta;-0.2800000000000001;2.817021276595744;0.4666666666666665;58.44155844155844;medref_tmb
TM43_0185_0005_0.fasta;0.057499999999999996;2.3148936170212755;0.3991869918699185;50.649350649350644;medref_tmb
TM45_0044_0001_2.fasta;-0.44250000000000006;2.591489361702128;0.2983739837398375;70.12987012987013;medref_tmb
TM45_0044_0001_8.fasta;-0.21000000000000005;2.58936170212766;0.3951219512195124;61.038961038961034;medref_tmb
TM47_0010_0005_3.fasta;-0.5374999999999999;2.536170212765957;0.28780487804878047;59.74025974025974;medref_tmb
TM47_0010_0005_9.fasta;0.06999999999999999;2.323404255319149;0.4040650406504065;49.35064935064935;medref_tmb
TM48_0034_0004_1.fasta;-0.16500000000000004;2.3382978723404246;0.2983739837398377;54.54545454545454;medref_tmb
TM48_0158_0004_2.fasta;0.05500000000000005;2.76595744680851;0.5227642276422763;66.23376623376623;medref_tmb
TM48_0158_0004_8.fasta;0.3999999999999999;2.785106382978723;0.642276422764227;64.93506493506493;medref_tmb
TM5_0163_0001_6.fasta;0.2174999999999999;2.2787234042553193;0.4658536585365853;54.54545454545454;medref_tmb
TM6_0181_0002_1.fasta;-0.6924999999999999;2.3063829787234043;0.2040650406504066;51.94805194805194;medref_tmb
TM6_0181_0005_2.fasta;-0.59;2.114893617021276;0.2154471544715449;37.66233766233766;medref_tmb
TM6_0181_0005_8.fasta;-0.45499999999999996;2.189361702127659;0.28780487804878047;46.75324675324675;medref_tmb
TM7_0123_0004_3.fasta;-0.19250000000000006;2.0234042553191482;0.15365853658536588;68.83116883116884;medref_tmb
TM7_0123_0004_9.fasta;-0.1400000000000001;2.2489361702127657;0.23495934959349604;68.83116883116884;medref_tmb
TM7_0186_0001_1.fasta;0.26749999999999996;2.161702127659574;0.5178861788617884;64.93506493506493;medref_tmb
TM0_0001_0002_6.fasta;1.1025000000000003;2.317021276595744;0.7227642276422758;63.63636363636363;medref_tmb
TM0_0001_0005_5.fasta;-0.16500000000000006;2.457446808510638;0.5398373983739837;55.84415584415584;medref_tmb
TM10_0109_0003_4.fasta;-0.020000000000000007;2.6808510638297873;0.496747967479675;75.32467532467533;medref_tmb
TM1_0029_0004_7.fasta;-0.2800000000000001;2.089361702127659;0.19268292682926835;61.038961038961034;medref_tmb
TM1_0172_0001_3.fasta;0.07249999999999991;2.6510638297872338;0.6780487804878048;75.32467532467533;medref_tmb
TM1_0172_0001_9.fasta;0.21999999999999992;2.776595744680851;0.7739837398373982;80.51948051948052;medref_tmb
TM11_0191_0001_1.fasta;-0.6599999999999995;2.7957446808510635;0.43008130081300816;63.63636363636363;medref_tmb
TM11_0191_0003_1.fasta;0.5675000000000003;2.408510638297872;0.6146341463414633;57.14285714285714;medref_tmb
TM12_0050_0004_5.fasta;-0.29999999999999993;2.3148936170212764;0.30243902439024395;70.12987012987013;medref_tmb
TM13_0157_0001_1.fasta;-0.225;3.0489361702127664;0.6430894308943088;64.93506493506493;medref_tmb
TM13_0157_0005_5.fasta;-0.305;2.7680851063829786;0.49593495934959353;48.05194805194805;medref_tmb
TM13_0166_0004_1.fasta;0.1324999999999999;2.1617021276595745;0.3552845528455285;54.54545454545454;medref_tmb
TM13_0177_0004_3.fasta;0.41000000000000003;2.395744680851063;0.5113821138211381;46.75324675324675;medref_tmb
TM13_0177_0004_9.fasta;0.2749999999999999;2.370212765957446;0.4357723577235771;51.94805194805194;medref_tmb
TM15_0005_0002_7.fasta;-0.0875;2.5999999999999996;0.48211382113821116;55.84415584415584;medref_tmb
TM17_0087_0002_3.fasta;-0.04500000000000008;2.3000000000000003;0.4463414634146342;57.14285714285714;medref_tmb
TM17_0087_0002_9.fasta;0.21750000000000017;2.74468085106383;0.7048780487804871;67.53246753246754;medref_tmb
TM17_0150_0002_0.fasta;-0.43999999999999984;2.825531914893617;0.43170731707317067;66.23376623376623;medref_tmb
TM20_0077_0004_4.fasta;1.0075000000000005;2.3510638297872335;0.820325203252032;62.33766233766234;medref_tmb
TM2_0051_0003_7.fasta;-0.5;2.576595744680851;0.3666666666666669;66.23376623376623;medref_tmb
TM24_0048_0002_1.fasta;0.02749999999999997;2.6446808510638293;0.6837398373983735;53.246753246753244;medref_tmb
TM27_0044_0004_3.fasta;0.22000000000000003;2.472340425531914;0.532520325203252;45.45454545454545;medref_tmb
TM27_0044_0004_9.fasta;0.14999999999999997;2.312765957446808;0.448780487804878;45.45454545454545;medref_tmb
TM29_0181_0004_1.fasta;-0.03750000000000005;2.359574468085106;0.5772357723577234;62.33766233766234;medref_tmb
TM30_0014_0002_0.fasta;-0.12250000000000003;2.6723404255319143;0.5699186991869917;74.02597402597402;medref_tmb
TM3_0182_0003_5.fasta;0.21499999999999994;2.45531914893617;0.5723577235772354;62.33766233766234;medref_tmb
TM31_0119_0002_5.fasta;0.3224999999999999;2.6531914893617023;0.6560975609756097;64.93506493506493;medref_tmb
TM31_0125_0005_2.fasta;0.2725;2.631914893617021;0.7260162601626013;75.32467532467533;medref_tmb
TM31_0125_0005_8.fasta;0.2950000000000001;2.7531914893617015;0.7544715447154468;71.42857142857143;medref_tmb
TM33_0053_0005_2.fasta;-0.16250000000000003;2.6404255319148935;0.4276422764227642;62.33766233766234;medref_tmb
TM33_0053_0005_8.fasta;0.1275;2.546808510638298;0.4861788617886178;68.83116883116884;medref_tmb
TM33_0063_0004_4.fasta;-0.43249999999999994;2.7489361702127657;0.3951219512195122;55.84415584415584;medref_tmb
TM34_0020_0003_6.fasta;0.64;2.3808510638297866;0.6552845528455284;72.72727272727273;medref_tmb
TM34_0020_0004_5.fasta;0.17249999999999996;2.5361702127659576;0.5943089430894307;64.93506493506493;medref_tmb
TM37_0004_0003_7.fasta;0.1224999999999999;2.331914893617021;0.4032520325203251;63.63636363636363;medref_tmb
TM40_0022_0001_6.fasta;-0.5974999999999999;2.8297872340425534;0.5723577235772358;61.038961038961034;medref_tmb
TM40_0108_0004_6.fasta;-0.1900000000000001;2.2957446808510635;0.28048780487804886;54.54545454545454;medref_tmb
TM40_0170_0004_6.fasta;0.23249999999999987;2.570212765957447;0.589430894308943;53.246753246753244;medref_tmb
TM4_0097_0001_4.fasta;-0.21999999999999992;2.7106382978723405;0.5479674796747963;70.12987012987013;medref_tmb
TM4_0097_0004_7.fasta;0.19249999999999995;2.517021276595744;0.5585365853658535;57.14285714285714;medref_tmb
TM41_0155_0001_7.fasta;0.5850000000000002;2.3978723404255318;0.6983739837398371;42.857142857142854;medref_tmb
TM42_0033_0003_5.fasta;0.16249999999999992;2.4978723404255314;0.5626016260162597;64.93506493506493;medref_tmb
TM42_0194_0002_7.fasta;0.2149999999999999;2.536170212765957;0.5422764227642278;67.53246753246754;medref_tmb
TM43_0185_0005_4.fasta;0.12249999999999994;2.370212765957446;0.4414634146341462;70.12987012987013;medref_tmb
TM45_0044_0001_6.fasta;-0.5999999999999999;2.5510638297872346;0.23170731707317074;61.038961038961034;medref_tmb
TM47_0010_0005_7.fasta;-0.46499999999999986;2.2893617021276595;0.19512195121951229;44.15584415584416;medref_tmb
TM48_0034_0004_5.fasta;-0.23750000000000004;2.274468085106382;0.2504065040650409;54.54545454545454;medref_tmb
TM48_0158_0004_6.fasta;-0.8224999999999996;2.5702127659574465;0.16260162601626024;54.54545454545454;medref_tmb
TM5_0163_0001_2.fasta;0.08749999999999995;2.1617021276595745;0.3788617886178861;67.53246753246754;medref_tmb
TM5_0163_0001_8.fasta;0.08999999999999994;2.3468085106382977;0.45040650406504057;66.23376623376623;medref_tmb
TM6_0181_0002_5.fasta;-0.7575;2.429787234042553;0.2382113821138211;44.15584415584416;medref_tmb
TM6_0181_0005_6.fasta;-0.6574999999999999;2.214893617021276;0.23170731707317094;59.74025974025974;medref_tmb
TM7_0123_0004_7.fasta;-0.325;2.259574468085106;0.20081300813008138;68.83116883116884;medref_tmb
TM7_0186_0001_5.fasta;0.5925000000000005;2.3063829787234034;0.6544715447154468;64.93506493506493;medref_tmb
TM0_0001_0002_3.fasta;1.1075000000000002;2.2148936170212763;0.7617886178861778;63.63636363636363;medref_tmb
TM0_0001_0002_9.fasta;1.045;2.2489361702127653;0.729268292682926;63.63636363636363;medref_tmb
TM0_0001_0005_0.fasta;-0.34249999999999997;2.4680851063829783;0.508130081300813;55.84415584415584;medref_tmb
TM10_0109_0003_1.fasta;0.1924999999999999;2.5829787234042554;0.5284552845528454;75.32467532467533;medref_tmb
TM1_0029_0004_2.fasta;-0.07250000000000001;1.8510638297872335;0.12601626016260173;61.038961038961034;medref_tmb
TM1_0029_0004_8.fasta;-0.11750000000000005;2.1425531914893616;0.2658536585365853;61.038961038961034;medref_tmb
TM1_0172_0001_6.fasta;-0.16749999999999995;2.6553191489361705;0.6016260162601627;70.12987012987013;medref_tmb
TM11_0191_0001_4.fasta;-0.24750000000000005;2.359574468085106;0.39756097560975606;59.74025974025974;medref_tmb
TM11_0191_0003_4.fasta;0.7775000000000003;2.497872340425532;0.7178861788617886;63.63636363636363;medref_tmb
TM12_0050_0004_0.fasta;-0.40249999999999997;2.576595744680851;0.3691056910569106;70.12987012987013;medref_tmb
TM13_0157_0001_4.fasta;0.12749999999999995;2.5936170212765957;0.56260162601626;64.93506493506493;medref_tmb
TM13_0157_0005_0.fasta;-0.52;2.7468085106382976;0.39268292682926825;46.75324675324675;medref_tmb
TM13_0166_0004_4.fasta;0.45499999999999996;2.1382978723404253;0.4544715447154472;54.54545454545454;medref_tmb
TM13_0177_0004_6.fasta;0.09749999999999993;2.344680851063829;0.3902439024390243;58.44155844155844;medref_tmb
TM15_0005_0002_2.fasta;0.09999999999999995;2.2936170212765954;0.4260162601626013;36.36363636363637;medref_tmb
TM15_0005_0002_8.fasta;-0.08500000000000008;2.470212765957447;0.4333333333333333;59.74025974025974;medref_tmb
TM17_0087_0002_6.fasta;0.13999999999999974;2.6574468085106386;0.6430894308943087;70.12987012987013;medref_tmb
TM17_0150_0002_5.fasta;-0.335;2.4978723404255314;0.3365853658536585;58.44155844155844;medref_tmb
TM20_0077_0004_1.fasta;0.6775000000000001;2.4319148936170207;0.7447154471544712;62.33766233766234;medref_tmb
TM2_0051_0003_2.fasta;-0.6649999999999997;2.7297872340425533;0.37154471544715467;66.23376623376623;medref_tmb
TM2_0051_0003_8.fasta;-0.45999999999999985;2.6808510638297873;0.4195121951219514;66.23376623376623;medref_tmb
TM24_0048_0002_4.fasta;0.46749999999999997;2.531914893617021;0.7837398373983736;53.246753246753244;medref_tmb
TM25_0198_0002_0.fasta;0.2799999999999999;2.1255319148936165;0.37398373983739824;57.14285714285714;medref_tmb
TM27_0044_0004_6.fasta;0.8475000000000001;2.140425531914893;0.5837398373983737;45.45454545454545;medref_tmb
TM29_0181_0004_4.fasta;-0.24500000000000002;2.625531914893617;0.5235772357723578;62.33766233766234;medref_tmb
TM30_0014_0002_5.fasta;0.4625;2.5787234042553187;0.703252032520325;74.02597402597402;medref_tmb
TM3_0182_0003_0.fasta;0.32;2.3723404255319145;0.5747967479674793;63.63636363636363;medref_tmb
TM31_0119_0002_0.fasta;0.6000000000000003;2.7468085106382976;0.8073170731707314;62.33766233766234;medref_tmb
TM31_0125_0005_7.fasta;0.28250000000000003;2.5957446808510634;0.7154471544715441;59.74025974025974;medref_tmb
TM33_0053_0005_7.fasta;0.029999999999999936;2.734042553191489;0.5260162601626015;66.23376623376623;medref_tmb
TM33_0063_0004_1.fasta;-0.4474999999999998;2.7936170212765954;0.40731707317073157;63.63636363636363;medref_tmb
TM34_0020_0003_3.fasta;0.25249999999999995;2.4680851063829787;0.5626016260162602;66.23376623376623;medref_tmb
TM34_0020_0003_9.fasta;0.22499999999999992;2.4957446808510637;0.5642276422764229;64.93506493506493;medref_tmb
TM34_0020_0004_0.fasta;0.1725;2.5702127659574465;0.5821138211382111;62.33766233766234;medref_tmb
TM37_0004_0003_2.fasta;-0.6499999999999998;2.6957446808510634;0.31707317073170715;66.23376623376623;medref_tmb
TM37_0004_0003_8.fasta;0.095;2.351063829787234;0.4276422764227643;62.33766233766234;medref_tmb
TM40_0022_0001_3.fasta;-0.9175000000000001;2.5425531914893615;0.35853658536585364;63.63636363636363;medref_tmb
TM40_0022_0001_9.fasta;-0.7799999999999999;2.640425531914893;0.4406504065040651;67.53246753246754;medref_tmb
TM40_0108_0004_3.fasta;-0.5974999999999999;2.504255319148936;0.22764227642276436;61.038961038961034;medref_tmb
TM40_0108_0004_9.fasta;-0.08000000000000004;2.5489361702127655;0.43495934959349597;63.63636363636363;medref_tmb
TM40_0170_0004_3.fasta;0.3375;2.5382978723404253;0.5682926829268291;53.246753246753244;medref_tmb
TM40_0170_0004_9.fasta;0.4050000000000001;2.721276595744681;0.6601626016260161;53.246753246753244;medref_tmb
TM4_0097_0001_1.fasta;0.21499999999999994;2.570212765957447;0.6357723577235768;70.12987012987013;medref_tmb
TM4_0097_0004_2.fasta;-0.2225;2.3978723404255313;0.3780487804878051;57.14285714285714;medref_tmb
TM4_0097_0004_8.fasta;0.34749999999999986;2.1999999999999997;0.47398373983739833;57.14285714285714;medref_tmb
TM41_0155_0001_2.fasta;0.7175000000000005;2.2978723404255312;0.734146341463414;48.05194805194805;medref_tmb
TM41_0155_0001_8.fasta;0.6825000000000003;2.429787234042553;0.8130081300813002;59.74025974025974;medref_tmb
TM42_0033_0003_0.fasta;-0.02250000000000003;2.563829787234042;0.4878048780487802;64.93506493506493;medref_tmb
TM42_0194_0002_2.fasta;-0.12250000000000012;2.851063829787234;0.5528455284552845;61.038961038961034;medref_tmb
TM42_0194_0002_8.fasta;0.8650000000000004;2.8765957446808508;0.8837398373983737;76.62337662337663;medref_tmb
TM43_0185_0005_1.fasta;-0.2375;2.097872340425531;0.22032520325203261;51.94805194805194;medref_tmb
TM45_0044_0001_3.fasta;-0.6399999999999999;2.7531914893617024;0.3170731707317074;75.32467532467533;medref_tmb
TM45_0044_0001_9.fasta;-1.0725;2.791489361702128;0.16991869918699185;64.93506493506493;medref_tmb
TM47_0010_0005_2.fasta;-0.225;2.374468085106383;0.34959349593495936;59.74025974025974;medref_tmb
TM47_0010_0005_8.fasta;0.03999999999999997;2.2638297872340427;0.37154471544715434;62.33766233766234;medref_tmb
TM48_0034_0004_0.fasta;0.047499999999999945;2.538297872340425;0.4439024390243903;54.54545454545454;medref_tmb
TM48_0158_0004_3.fasta;0.18749999999999994;2.680851063829787;0.5333333333333333;61.038961038961034;medref_tmb
TM48_0158_0004_9.fasta;-0.0050000000000000044;2.759574468085106;0.5008130081300812;57.14285714285714;medref_tmb
TM5_0163_0001_7.fasta;-0.10750000000000008;2.340425531914894;0.3837398373983742;67.53246753246754;medref_tmb
TM6_0181_0002_0.fasta;-0.5349999999999999;2.502127659574468;0.33008130081300796;44.15584415584416;medref_tmb
TM6_0181_0005_3.fasta;-0.63;2.1659574468085103;0.22195121951219515;53.246753246753244;medref_tmb
TM6_0181_0005_9.fasta;-0.2000000000000001;2.353191489361701;0.43333333333333307;38.961038961038966;medref_tmb
TM7_0123_0004_2.fasta;-0.37;2.2659574468085104;0.16666666666666663;68.83116883116884;medref_tmb
TM7_0123_0004_8.fasta;-0.09500000000000006;2.391489361702128;0.3040650406504066;68.83116883116884;medref_tmb
TM7_0186_0001_0.fasta;0.7775000000000001;2.01063829787234;0.6479674796747962;64.93506493506493;medref_tmb
